UTC adjusted datetime Column,GPS_Latitude,GPS_Longitude,Predicted Mud Condition
18/01/2025 14:26,-12.950011,141.633286,-0.5328910864919028
18/01/2025 14:24,-12.950031,141.634308,1.422172432026093
18/01/2025 14:23,-12.94961,141.635757,3.034305712354143
18/01/2025 14:21,-12.949308,141.636795,4.1396395920575255
18/01/2025 14:19,-12.949675,141.637817,0.23606531217878324
18/01/2025 14:18,-12.950084,141.638824,2.5947899641001664
18/01/2025 14:16,-12.950314,141.63945,2.344867750140782
18/01/2025 14:14,-12.94987,141.638321,0.4463887222704872
18/01/2025 14:13,-12.949886,141.638077,0.6286213521437802
18/01/2025 14:11,-12.950421,141.638916,4.042252131263854
18/01/2025 14:09,-12.950847,141.639572,0.10206957598258004
18/01/2025 14:08,-12.950583,141.63916,3.0733589244149497
18/01/2025 14:06,-12.95006,141.638351,1.4642113094948106
18/01/2025 14:04,-12.949578,141.63739,1.7294524097007338
18/01/2025 14:03,-12.950075,141.638107,-0.824300752057689
18/01/2025 14:01,-12.950348,141.638565,0.09910479336070965
18/01/2025 13:56,-12.95074,141.639191,2.2197123578118236
18/01/2025 13:54,-12.950755,141.639252,2.875127878286821
18/01/2025 13:52,-12.950037,141.638062,0.9819005985547827
18/01/2025 13:51,-12.949563,141.637314,2.2967671219523997
18/01/2025 13:41,-12.950102,141.63797,1.7375541392371012
18/01/2025 13:39,-12.949781,141.637436,-0.4402169754061749
18/01/2025 13:38,-12.950057,141.637726,1.3034082545666705
18/01/2025 13:36,-12.950532,141.638489,1.3775767618113681
18/01/2025 13:34,-12.950952,141.639175,3.531090380383234
18/01/2025 13:33,-12.951159,141.639526,3.6231248680284938
18/01/2025 13:31,-12.950733,141.638824,2.8168126180760833
18/01/2025 13:29,-12.950203,141.637939,1.5417477720066373
18/01/2025 13:28,-12.949678,141.6371,1.525749338836903
18/01/2025 13:26,-12.950235,141.637817,0.9101436371268863
18/01/2025 13:24,-12.950658,141.638504,0.8693308818903667
18/01/2025 13:23,-12.950932,141.638962,4.093287684902115
18/01/2025 13:21,-12.950421,141.638107,2.194317503139398
18/01/2025 13:19,-12.94986,141.637161,2.4420884915060856
18/01/2025 13:18,-12.95038,141.637802,0.705016580566554
18/01/2025 13:16,-12.950742,141.638382,4.073476174449132
18/01/2025 13:14,-12.950158,141.637436,-1.7814411530357899
18/01/2025 13:13,-12.950243,141.637436,1.6067067990256614
18/01/2025 13:11,-12.950698,141.638153,1.265117696377807
18/01/2025 13:06,-12.951413,141.639297,2.6314975193747228
18/01/2025 13:04,-12.951395,141.639282,1.5716473295774096
18/01/2025 13:03,-12.95078,141.63829,1.9466598403744415
18/01/2025 13:01,-12.950198,141.637329,-0.2804944423674973
18/01/2025 12:59,-12.950209,141.637131,0.6608800068323313
18/01/2025 12:58,-12.950728,141.638016,3.612395454914065
18/01/2025 12:56,-12.951143,141.638626,4.27692417103853
18/01/2025 12:53,-12.951768,141.639435,1.5416911868982788
18/01/2025 12:51,-12.951979,141.639755,1.6027988249366127
18/01/2025 12:49,-12.95146,141.638977,2.72791374989038
18/01/2025 12:48,-12.95098,141.638229,2.2456830158518777
18/01/2025 12:46,-12.95041,141.637329,1.0235589277964139
18/01/2025 12:44,-12.950563,141.637344,1.3637313599112
18/01/2025 12:43,-12.951095,141.638062,4.0550834431652625
18/01/2025 12:41,-12.950816,141.637665,2.235317224446696
18/01/2025 12:39,-12.950503,141.637054,4.25895232301251
18/01/2025 12:38,-12.95094,141.637634,0.7937871071969735
18/01/2025 12:36,-12.951547,141.63855,1.7186941328200798
18/01/2025 12:34,-12.95207,141.639328,0.847846019660355
18/01/2025 12:33,-12.952137,141.63945,0.9103493905706883
18/01/2025 12:31,-12.951562,141.638596,3.373377036851327
18/01/2025 12:29,-12.95099,141.637756,2.6388707847580886
18/01/2025 12:28,-12.950523,141.637054,1.2579524421230295
18/01/2025 12:26,-12.95014,141.636063,0.752343347516649
18/01/2025 12:24,-12.950085,141.634903,-0.14041209592037296
18/01/2025 12:23,-12.950143,141.633743,0.4026586395222238
18/01/2025 12:14,-12.950027,141.633362,1.3261926318680948
18/01/2025 12:13,-12.949926,141.634277,1.2485424414265216
18/01/2025 12:11,-12.949463,141.635208,-0.3886488394094618
18/01/2025 12:09,-12.948513,141.635345,0.5273426074507233
18/01/2025 12:08,-12.947577,141.635269,0.41088901971821645
18/01/2025 12:06,-12.946975,141.635117,0.732046119453948
18/01/2025 12:05,-12.946548,141.635513,0.6994250501297512
18/01/2025 12:05,-12.946138,141.635956,1.531335334882213
18/01/2025 12:04,-12.94573,141.636353,1.6687763854449862
18/01/2025 12:03,-12.945318,141.63678,1.5258866223387686
18/01/2025 12:02,-12.944945,141.637131,1.0718330083190313
18/01/2025 12:01,-12.944622,141.637451,2.128065554574294
18/01/2025 12:00,-12.944305,141.637772,1.2522359721551022
18/01/2025 12:00,-12.944141,141.638,1.094127058779573
18/01/2025 11:59,-12.943822,141.638306,1.0895961361572752
18/01/2025 11:58,-12.943497,141.638611,1.1225162620521807
18/01/2025 11:57,-12.943335,141.638855,4.394800200527632
18/01/2025 11:56,-12.943232,141.638992,3.9593001994804973
18/01/2025 11:53,-12.94325,141.639191,3.2688516717087985
18/01/2025 6:04,-12.943686,141.63858,1.2718113535234001
18/01/2025 6:02,-12.944139,141.638107,0.4444265953720392
18/01/2025 6:02,-12.944246,141.638,0.48706751924359803
18/01/2025 6:01,-12.944351,141.637909,0.42348801169538275
18/01/2025 6:01,-12.944447,141.637787,0.22938322858435556
18/01/2025 6:01,-12.944538,141.63768,0.4858968929672125
18/01/2025 6:00,-12.944645,141.637573,0.5642228846995945
18/01/2025 6:00,-12.944757,141.637466,0.3856585089852109
18/01/2025 5:59,-12.944872,141.637329,0.5867408404400043
18/01/2025 5:59,-12.944997,141.637192,0.290416228285572
18/01/2025 5:59,-12.945133,141.637085,0.8348016394371089
18/01/2025 5:58,-12.945253,141.636948,0.3958954954474887
18/01/2025 5:58,-12.945376,141.636826,0.5509121925347931
18/01/2025 5:57,-12.945505,141.636703,0.2857256763384226
18/01/2025 5:53,-12.945619,141.636673,-0.43290962573740677
18/01/2025 5:51,-12.94518,141.637192,-0.8387611918626474
18/01/2025 5:50,-12.944767,141.637695,-0.5894423665905419
18/01/2025 5:48,-12.94434,141.638184,1.0055274400533707
18/01/2025 5:46,-12.943974,141.638641,2.949692260116877
18/01/2025 5:45,-12.94366,141.638962,1.4761150491201758
18/01/2025 5:43,-12.943249,141.63945,1.0352433492173154
18/01/2025 5:41,-12.942893,141.639847,2.8931567472974766
18/01/2025 5:40,-12.943312,141.639343,3.3333951417770633
18/01/2025 5:38,-12.94361,141.639008,2.533503118890318
18/01/2025 5:36,-12.944038,141.638519,2.615587800890461
18/01/2025 5:35,-12.944531,141.63797,1.233244753654372
18/01/2025 5:33,-12.944962,141.637466,-0.022807254465197824
18/01/2025 5:31,-12.9453,141.63707,-0.8641128386971744
18/01/2025 5:30,-12.945675,141.636642,0.02201537179626234
18/01/2025 5:28,-12.946085,141.636169,-1.0104367475365548
18/01/2025 5:26,-12.946468,141.635727,0.3579624151525882
18/01/2025 5:25,-12.946979,141.635147,0.11160176670767341
18/01/2025 5:23,-12.947073,141.635162,-0.061739364081404347
18/01/2025 5:21,-12.946533,141.635742,0.06177738585466597
18/01/2025 5:20,-12.946074,141.636292,0.33145759318011003
18/01/2025 5:18,-12.945535,141.636932,-0.011148103244809526
18/01/2025 5:16,-12.944973,141.637589,-0.05119589227708321
18/01/2025 5:15,-12.944547,141.638077,1.0618565626392225
18/01/2025 5:13,-12.944078,141.638596,3.1944615603801156
18/01/2025 5:11,-12.943735,141.639008,1.7653714284492728
18/01/2025 5:10,-12.943332,141.639496,1.2598486885888023
18/01/2025 5:08,-12.943252,141.639572,1.2646706318245964
18/01/2025 5:06,-12.943619,141.639145,4.490134729117474
18/01/2025 5:05,-12.944063,141.638611,2.0042431855979994
18/01/2025 5:03,-12.944523,141.638077,1.4844903471489321
18/01/2025 5:01,-12.944985,141.637558,0.18268829820340104
18/01/2025 5:00,-12.945405,141.63707,-1.1196176303650254
18/01/2025 4:58,-12.945838,141.636566,0.6071961926546845
18/01/2025 4:56,-12.946268,141.636078,-0.7543665801823805
18/01/2025 4:55,-12.946713,141.635544,0.054984868500445705
18/01/2025 4:53,-12.947433,141.635406,1.5786871410668275
18/01/2025 4:51,-12.948305,141.635529,-0.2167104744580537
18/01/2025 4:50,-12.948916,141.635361,-1.4826820990444576
18/01/2025 4:48,-12.949785,141.634888,0.6619069122763592
17/01/2025 13:48,-12.950091,141.632584,0.6089140790080838
17/01/2025 13:47,-12.950038,141.632904,2.387420206861206
17/01/2025 13:45,-12.950073,141.633301,2.3981482041782227
17/01/2025 13:34,-12.945878,141.637573,0.7507112355610137
17/01/2025 13:32,-12.945128,141.638504,0.9100834113927849
17/01/2025 13:30,-12.944543,141.639236,2.2632380957715137
17/01/2025 13:29,-12.944054,141.639999,2.291011685329179
17/01/2025 13:27,-12.944027,141.640747,-0.9504761160706678
17/01/2025 13:25,-12.94373,141.6418,0.6180215565268503
17/01/2025 13:16,-12.943758,141.641617,-0.5085619889385313
17/01/2025 13:15,-12.944015,141.640823,-0.9437877228607299
17/01/2025 13:13,-12.944061,141.64006,1.0122724882226055
17/01/2025 13:11,-12.944188,141.639664,1.379439147441583
17/01/2025 13:10,-12.94494,141.638702,1.245590600367601
17/01/2025 13:08,-12.94571,141.637772,0.4695093921163296
17/01/2025 13:06,-12.946466,141.636856,0.7391513423701312
17/01/2025 13:05,-12.947238,141.635941,0.6961211918727632
17/01/2025 13:00,-12.947006,141.635513,0.07613662938720478
17/01/2025 12:58,-12.946346,141.636276,0.6788157956462533
17/01/2025 12:56,-12.945693,141.637039,0.0424407808026559
17/01/2025 12:55,-12.945231,141.637604,-0.06622205859819541
17/01/2025 12:53,-12.944607,141.638336,0.6645707104376268
17/01/2025 12:51,-12.943963,141.639099,1.1046155075141972
17/01/2025 12:48,-12.943278,141.639893,1.8693740744763594
17/01/2025 12:46,-12.943773,141.639297,3.3604722380898435
17/01/2025 12:45,-12.944333,141.638641,0.12405445963782347
17/01/2025 12:43,-12.944734,141.638138,-0.5250329660618562
17/01/2025 12:41,-12.945222,141.637558,0.19471045189086356
17/01/2025 12:40,-12.945705,141.637024,-0.026341447353824377
17/01/2025 12:38,-12.946234,141.636368,0.3608387089561089
17/01/2025 10:57,-12.944179,141.63942,1.136840899628947
17/01/2025 10:57,-12.9441,141.639511,1.652032428854029
17/01/2025 9:01,-12.946013,141.637451,-0.9629754925318719
17/01/2025 9:01,-12.945933,141.637543,-0.8493526415219557
17/01/2025 9:00,-12.94587,141.637619,-1.211263072374634
17/01/2025 9:00,-12.945766,141.637756,-1.1976308188711133
17/01/2025 8:59,-12.945705,141.637833,-1.2582757660538744
17/01/2025 8:59,-12.945645,141.637909,-1.1937349096928376
17/01/2025 8:59,-12.94559,141.63797,-1.2766136419500609
17/01/2025 8:58,-12.945537,141.638046,-1.3245082676772806
17/01/2025 8:58,-12.94549,141.638107,-1.4079402912523662
17/01/2025 8:58,-12.945438,141.638168,-1.1254737322715433
17/01/2025 8:57,-12.945336,141.638275,-0.9913642028630112
17/01/2025 8:57,-12.945305,141.638412,-0.060032617632995944
17/01/2025 8:56,-12.945289,141.63858,-0.743036047091981
17/01/2025 8:56,-12.945267,141.638687,-0.6640680664340342
17/01/2025 8:56,-12.945247,141.638794,-0.5251071123121211
17/01/2025 8:55,-12.945231,141.638901,-0.652359879114984
17/01/2025 8:55,-12.945218,141.639008,-0.5840438718840102
17/01/2025 8:55,-12.945205,141.63913,-0.04817836006721121
17/01/2025 8:54,-12.94519,141.639252,0.012801747591464796
17/01/2025 8:54,-12.945178,141.639374,-0.3923340343987456
17/01/2025 8:51,-12.94513,141.639633,3.3578103276319524
17/01/2025 8:50,-12.945066,141.639984,1.2744101210078025
17/01/2025 8:50,-12.945028,141.640182,0.16736946961687038
17/01/2025 8:50,-12.944988,141.64035,2.173268416851063
17/01/2025 8:49,-12.944985,141.640411,0.9127319831947995
17/01/2025 8:49,-12.94496,141.64061,1.7606083520448013
17/01/2025 8:48,-12.94498,141.640503,2.0542517964150724
17/01/2025 8:48,-12.945004,141.640335,1.4080401522485917
17/01/2025 8:47,-12.945045,141.640167,1.991271482293964
17/01/2025 8:47,-12.945068,141.639999,2.8024580708995437
17/01/2025 8:47,-12.945105,141.639832,4.224959843548016
17/01/2025 8:46,-12.945122,141.639633,2.7276092515322055
17/01/2025 8:46,-12.945144,141.639542,3.1897473134921452
17/01/2025 8:45,-12.945189,141.639236,2.321947514414378
17/01/2025 8:45,-12.94523,141.638977,1.6701847994402623
17/01/2025 8:45,-12.945269,141.638718,1.4012704438210553
17/01/2025 8:44,-12.945305,141.638474,0.2810597579817169
17/01/2025 8:44,-12.945336,141.638321,2.309069248998781
17/01/2025 8:43,-12.945403,141.638199,1.23010821331322
17/01/2025 8:43,-12.945435,141.63829,-0.39350076275268764
17/01/2025 8:42,-12.94541,141.638443,-0.8047083226308631
17/01/2025 8:42,-12.945392,141.638596,-0.05652313400846243
17/01/2025 8:42,-12.94537,141.638763,0.3284527909905903
17/01/2025 8:41,-12.945338,141.638962,0.21325393123668923
17/01/2025 8:41,-12.94531,141.63916,1.0660314492331604
17/01/2025 8:40,-12.945282,141.639374,4.340703288842551
17/01/2025 8:40,-12.945247,141.639587,4.015018152325528
17/01/2025 8:40,-12.945207,141.639786,4.245603377238687
17/01/2025 8:39,-12.945187,141.640045,2.3237290733710596
17/01/2025 8:39,-12.945157,141.640289,2.475776490728206
17/01/2025 8:38,-12.945127,141.640411,3.655658127097607
17/01/2025 8:38,-12.945093,141.640549,1.8689736774198527
17/01/2025 8:37,-12.945055,141.640762,0.7186064148971896
17/01/2025 8:37,-12.945086,141.640549,1.7871403889757775
17/01/2025 8:37,-12.945122,141.640442,2.5729795870069623
17/01/2025 8:36,-12.945142,141.64032,2.5081711828878617
17/01/2025 8:36,-12.945185,141.640121,1.9507206334472202
17/01/2025 8:35,-12.945195,141.639969,3.4836953489884537
17/01/2025 8:35,-12.945211,141.639786,3.987241272224267
17/01/2025 8:35,-12.945231,141.639648,4.392361458582979
17/01/2025 8:34,-12.94526,141.639465,3.984401565619204
17/01/2025 8:33,-12.945335,141.639084,3.3178584107815223
17/01/2025 8:33,-12.945367,141.638824,1.083908502832532
17/01/2025 8:32,-12.945395,141.638596,0.8996023847292762
17/01/2025 8:32,-12.945415,141.638412,-0.05293371124429935
17/01/2025 8:32,-12.945435,141.63826,-0.746227734687583
17/01/2025 8:31,-12.945514,141.638077,0.9207224482610823
17/01/2025 8:31,-12.945507,141.638184,-0.432095088296955
17/01/2025 8:30,-12.945497,141.638351,-1.3016352748144824
17/01/2025 8:30,-12.945495,141.638489,-1.2098246412521227
17/01/2025 8:30,-12.94548,141.638657,-0.5937607891486332
17/01/2025 8:29,-12.945485,141.638794,0.09734181650750329
17/01/2025 8:29,-12.945492,141.638931,0.2079535442579823
17/01/2025 8:28,-12.94547,141.639114,1.4129356926794465
17/01/2025 8:28,-12.945454,141.639343,1.7689635153927852
17/01/2025 8:27,-12.94544,141.639587,1.464216468737547
17/01/2025 8:27,-12.945421,141.639862,1.943720049715797
17/01/2025 8:27,-12.94541,141.64006,0.9367907354975893
17/01/2025 8:26,-12.945403,141.640198,-0.1849355016727876
17/01/2025 8:25,-12.945372,141.640533,0.3434296474825844
17/01/2025 8:25,-12.945369,141.640671,1.0985320689854867
17/01/2025 8:24,-12.945375,141.640625,0.9850509709098498
17/01/2025 8:24,-12.945378,141.640457,2.1305743518283773
17/01/2025 8:23,-12.945387,141.640289,0.01563597958033691
17/01/2025 8:23,-12.945396,141.640152,1.073697344167859
17/01/2025 8:22,-12.945412,141.639999,-0.13432129414802052
17/01/2025 8:22,-12.945427,141.639801,0.9224475638923815
17/01/2025 8:21,-12.94545,141.639374,2.893851155526032
17/01/2025 8:21,-12.945465,141.639099,1.7257037903828476
17/01/2025 8:20,-12.945481,141.63887,1.0902796298177417
17/01/2025 8:20,-12.94549,141.638596,0.85368340295581
17/01/2025 8:19,-12.94551,141.638351,-0.3307698639040324
17/01/2025 8:19,-12.945514,141.638153,0.09652844115755266
17/01/2025 8:18,-12.945613,141.637955,0.40799601645130856
17/01/2025 8:18,-12.945642,141.638016,-0.926141844376069
17/01/2025 8:17,-12.945623,141.638214,-0.47403267135529115
17/01/2025 8:17,-12.945621,141.638397,-0.6819399775237405
17/01/2025 8:17,-12.945612,141.638565,-0.6823773927163685
17/01/2025 8:16,-12.945603,141.638748,0.23530698794355542
17/01/2025 8:16,-12.945593,141.638901,0.3440617562012145
17/01/2025 8:15,-12.945575,141.639084,0.7241856812757601
17/01/2025 8:15,-12.945572,141.639282,0.7056784571973655
17/01/2025 8:15,-12.945559,141.639465,1.3102092791972328
17/01/2025 8:14,-12.94554,141.639679,-0.11119043658432837
17/01/2025 8:14,-12.945521,141.639877,0.1571325743743781
17/01/2025 8:13,-12.945508,141.640076,0.013428328712134618
17/01/2025 8:13,-12.945485,141.640305,1.8318802711887012
17/01/2025 8:12,-12.945481,141.640488,1.6171409738242748
17/01/2025 8:12,-12.945478,141.640549,0.13454699018424443
17/01/2025 8:12,-12.945468,141.640656,0.9509169818758476
17/01/2025 8:11,-12.945448,141.640732,1.151252385029824
17/01/2025 8:10,-12.94546,141.640671,3.3225888167534867
17/01/2025 8:10,-12.945468,141.640488,2.3126524591593687
17/01/2025 8:10,-12.945472,141.640335,3.157962963835808
17/01/2025 8:09,-12.945494,141.640121,0.6312308225820242
17/01/2025 8:09,-12.945518,141.639923,-0.23188501922811255
17/01/2025 8:08,-12.945535,141.639725,1.3482828797197612
17/01/2025 8:08,-12.945553,141.639618,-1.7528244329941636
17/01/2025 8:07,-12.945573,141.639374,1.4134256363418718
17/01/2025 8:07,-12.945573,141.639175,1.5103234792907934
17/01/2025 8:07,-12.945597,141.639008,1.1163315792710828
17/01/2025 8:06,-12.94559,141.638718,2.2499387885802555
17/01/2025 8:06,-12.945597,141.638443,0.11160248166056741
17/01/2025 8:05,-12.945613,141.63826,-1.0284987400508432
17/01/2025 8:05,-12.94562,141.638107,-1.1663394447036985
17/01/2025 8:05,-12.945635,141.63797,-0.832211375087244
17/01/2025 8:04,-12.945719,141.637802,1.2397282345134446
17/01/2025 8:04,-12.94575,141.637863,0.46982570052086503
17/01/2025 8:03,-12.945745,141.638062,-0.304775225336666
17/01/2025 8:03,-12.945733,141.63826,-0.12429987146685528
17/01/2025 8:02,-12.945711,141.638474,0.09561359182002849
17/01/2025 8:02,-12.945705,141.638672,0.3139191420859193
17/01/2025 8:00,-12.945682,141.638855,0.8806842223088076
17/01/2025 8:00,-12.94568,141.638992,0.5725847887907838
17/01/2025 8:00,-12.945679,141.63916,0.04594584553235692
17/01/2025 7:59,-12.94567,141.639297,0.05547291906439478
17/01/2025 7:59,-12.945653,141.639465,0.654147954834394
17/01/2025 7:58,-12.945645,141.639648,2.294277139525894
17/01/2025 7:58,-12.945632,141.639893,0.11828058358229399
17/01/2025 7:57,-12.94562,141.640076,0.9139871171023315
17/01/2025 7:57,-12.945613,141.640244,1.234580781741947
17/01/2025 7:57,-12.945605,141.64035,0.9100136284100389
17/01/2025 7:56,-12.945593,141.640442,1.0715546823130655
17/01/2025 7:56,-12.945608,141.640564,-0.5603161096818252
17/01/2025 7:55,-12.9456,141.640457,2.0478534426603603
17/01/2025 7:55,-12.945599,141.640381,1.260412664305599
17/01/2025 7:55,-12.945615,141.640244,0.6226157968090893
17/01/2025 7:54,-12.945619,141.640015,0.6662190466757547
17/01/2025 7:54,-12.945633,141.639771,0.17070831824699195
17/01/2025 7:53,-12.94564,141.639648,4.497228353995865
17/01/2025 7:53,-12.94566,141.63945,4.1946699809566725
17/01/2025 7:52,-12.945679,141.639206,1.627746590406356
17/01/2025 7:52,-12.945688,141.638992,1.1873246840579954
17/01/2025 7:52,-12.94569,141.638794,0.3730907980229674
17/01/2025 7:51,-12.94572,141.638626,0.8265651038336483
17/01/2025 7:51,-12.94573,141.638412,0.9099242073279772
17/01/2025 7:50,-12.945735,141.638214,-0.6039881374125557
17/01/2025 7:50,-12.945765,141.638046,1.0860369910207628
17/01/2025 7:50,-12.945757,141.637848,0.5486609396393098
17/01/2025 7:49,-12.945824,141.63765,0.06048625872559965
17/01/2025 7:49,-12.945867,141.637711,-0.8156373470972986
17/01/2025 7:48,-12.94586,141.637909,-0.5068033463023571
17/01/2025 7:48,-12.945848,141.638107,0.595022763603259
17/01/2025 7:47,-12.94584,141.63829,-0.19546562433702874
17/01/2025 7:47,-12.945847,141.638458,0.12252205521237158
17/01/2025 7:47,-12.945827,141.638657,1.5129567272525524
17/01/2025 7:46,-12.94582,141.638824,1.596646384212451
17/01/2025 7:46,-12.945808,141.639008,2.617518047313114
17/01/2025 7:45,-12.945771,141.639191,0.5863054635786478
17/01/2025 7:45,-12.945766,141.639374,0.22831699584598275
17/01/2025 7:45,-12.94576,141.639481,2.208800451262103
17/01/2025 7:44,-12.94576,141.639709,-0.09777733186686266
17/01/2025 7:44,-12.94574,141.639893,0.8601812418590713
17/01/2025 7:43,-12.945737,141.64006,0.6882516768607032
17/01/2025 7:43,-12.945722,141.640167,-0.21487018814018644
17/01/2025 7:42,-12.945717,141.640259,1.39861961210759
17/01/2025 7:42,-12.945702,141.640366,1.7897093660424415
17/01/2025 7:42,-12.945699,141.640442,0.5528304791463119
17/01/2025 7:41,-12.9457,141.640564,4.008359239660869
17/01/2025 7:41,-12.945706,141.64064,1.1108044524977991
17/01/2025 7:40,-12.945695,141.640671,1.6267176621654396
17/01/2025 7:40,-12.945705,141.640518,2.0082414493817478
17/01/2025 7:40,-12.945705,141.64035,2.61087000605094
17/01/2025 7:39,-12.945713,141.640213,1.1810243849032558
17/01/2025 7:39,-12.945726,141.640091,1.1514438764600219
17/01/2025 7:38,-12.945733,141.639999,0.45503955053513545
17/01/2025 7:38,-12.945731,141.639862,-0.6130098900555487
17/01/2025 7:37,-12.945753,141.63974,-0.9526248008641138
17/01/2025 7:37,-12.945757,141.639587,3.3463987953872807
17/01/2025 7:37,-12.945777,141.639389,4.017927917457801
17/01/2025 7:36,-12.945785,141.639221,2.3700524312225886
17/01/2025 7:36,-12.945791,141.639038,3.6012703156228576
17/01/2025 7:35,-12.945811,141.63884,2.996579077239022
17/01/2025 7:35,-12.945813,141.638641,2.048513947860146
17/01/2025 7:35,-12.94582,141.638458,0.5412690776226357
17/01/2025 7:34,-12.945825,141.63829,0.46166749804209983
17/01/2025 7:34,-12.945845,141.638123,0.6280142387254157
17/01/2025 7:33,-12.94586,141.637955,-0.596476677912674
17/01/2025 7:31,-12.945845,141.637894,-0.10703674387916173
17/01/2025 7:31,-12.945862,141.637695,0.11423353210060161
17/01/2025 7:30,-12.945922,141.637512,0.3358503213347048
17/01/2025 7:30,-12.945996,141.637482,-1.0717492860582092
17/01/2025 7:30,-12.945985,141.63765,-1.1676404356564585
17/01/2025 7:29,-12.945978,141.637802,-0.7848233086815743
17/01/2025 7:28,-12.945971,141.638016,-1.0609397747715268
17/01/2025 7:28,-12.945962,141.638138,-0.8445054571283261
17/01/2025 7:27,-12.945953,141.638275,-0.9968992944054333
17/01/2025 7:27,-12.94595,141.638397,-1.0985587657456173
17/01/2025 7:27,-12.945942,141.638535,-1.0705933090166138
17/01/2025 7:26,-12.945923,141.638672,0.024920106428022448
17/01/2025 7:26,-12.945922,141.638809,0.1791383697310791
17/01/2025 7:25,-12.945909,141.638947,0.4231875172049855
17/01/2025 7:25,-12.945902,141.639023,1.0845051886438961
17/01/2025 7:25,-12.9459,141.63916,0.34995380727404135
17/01/2025 7:24,-12.945887,141.639282,0.6243740536908964
17/01/2025 7:24,-12.945873,141.639404,1.105558570930472
17/01/2025 7:23,-12.945867,141.639542,0.1866329564453557
17/01/2025 7:23,-12.945855,141.639694,0.08189617126697035
17/01/2025 7:22,-12.945844,141.639801,-1.146320102539646
17/01/2025 7:22,-12.945837,141.639908,-1.0524992021403654
17/01/2025 7:22,-12.945835,141.640015,-0.9400667324087024
17/01/2025 7:21,-12.945825,141.640121,-1.670931399906043
17/01/2025 7:21,-12.945837,141.64006,-0.9778076487259884
17/01/2025 6:57,-12.945973,141.639114,3.1360955083212336
17/01/2025 6:56,-12.946009,141.638657,0.318127070863623
17/01/2025 6:42,-12.946015,141.639801,-0.9356743282703182
17/01/2025 6:41,-12.945975,141.640289,-0.027886207544774555
17/01/2025 6:39,-12.945949,141.64061,2.6775918699711427
17/01/2025 6:37,-12.946,141.640015,-0.603088609283779
17/01/2025 6:34,-12.946087,141.638977,1.182261586170173
17/01/2025 6:32,-12.946132,141.638229,0.33058841159136443
17/01/2025 6:31,-12.94618,141.637497,-0.17570583823601416
17/01/2025 6:27,-12.946319,141.637283,-0.6750011337989181
17/01/2025 6:26,-12.94627,141.637863,-1.0099933906514247
17/01/2025 6:24,-12.946223,141.638412,-0.5057136241227149
17/01/2025 6:22,-12.946165,141.639008,0.2460711870590182
17/01/2025 6:21,-12.946132,141.639572,3.4656076175167927
17/01/2025 5:59,-12.946132,141.639496,3.0506966954256702
17/01/2025 5:57,-12.94616,141.639328,3.9353137639706013
17/01/2025 5:56,-12.946114,141.639771,-0.608928356203378
17/01/2025 5:54,-12.946085,141.640274,0.9151415106092369
17/01/2025 5:52,-12.946055,141.640717,1.4578492226780095
17/01/2025 5:51,-12.9461,141.640213,0.12597291016576273
17/01/2025 5:49,-12.946128,141.639679,1.809988767740201
17/01/2025 5:47,-12.946132,141.639633,3.0991749790910594
17/01/2025 5:46,-12.946165,141.639099,0.5313893774050822
17/01/2025 5:44,-12.946218,141.638535,-0.21615235031951618
17/01/2025 5:42,-12.946239,141.638199,0.21130006362664622
17/01/2025 5:41,-12.946297,141.637558,-0.029532184001605843
17/01/2025 5:39,-12.94639,141.637009,0.10370450760017769
17/01/2025 5:37,-12.946339,141.637497,0.32936387440770076
17/01/2025 5:36,-12.94653,141.636734,0.5657239302762962
17/01/2025 5:34,-12.946477,141.637253,-0.8967380858117697
17/01/2025 5:32,-12.94643,141.637772,0.10519859142182764
17/01/2025 5:31,-12.946397,141.638123,-0.5283019046494783
17/01/2025 5:29,-12.946335,141.638702,-0.46119897015264666
17/01/2025 5:26,-12.94629,141.639404,0.246911662477308
17/01/2025 5:24,-12.946243,141.640015,0.3226360143020419
17/01/2025 5:12,-12.947277,141.636093,-1.3848651370747351
17/01/2025 5:10,-12.947739,141.635956,-1.3496942991629348
17/01/2025 5:08,-12.948143,141.635757,-1.3445782916089222
17/01/2025 4:55,-12.94991,141.632706,1.596382858905513
16/01/2025 14:18,-12.949717,141.635162,-0.9175183053190903
16/01/2025 14:16,-12.949362,141.635864,-1.5399954381869563
16/01/2025 14:14,-12.948793,141.636276,-1.4557124959372274
16/01/2025 14:13,-12.948033,141.636475,-0.19051104442407274
16/01/2025 14:12,-12.947475,141.636337,0.15702906647197112
16/01/2025 14:11,-12.947225,141.636261,0.3845935943820542
16/01/2025 14:11,-12.947055,141.636185,0.3805944763529949
16/01/2025 14:10,-12.94688,141.636383,0.40059503664326446
16/01/2025 14:10,-12.946729,141.636627,0.6410385134647023
16/01/2025 14:10,-12.946696,141.636932,1.2388309415757182
16/01/2025 14:09,-12.946676,141.637238,0.8926754112191784
16/01/2025 14:09,-12.946655,141.637527,1.372861199384544
16/01/2025 14:08,-12.946625,141.637817,1.020192337615324
16/01/2025 14:08,-12.946596,141.638107,0.8017036019904122
16/01/2025 14:07,-12.94657,141.638397,0.38979226322817784
16/01/2025 14:07,-12.946544,141.638641,0.9736363749577371
16/01/2025 14:07,-12.94653,141.638901,0.9114647262495055
16/01/2025 14:06,-12.946507,141.639145,1.1131675528905474
16/01/2025 14:06,-12.94649,141.639404,2.4019327442174667
16/01/2025 14:05,-12.946453,141.639694,1.053640201563586
16/01/2025 14:05,-12.946431,141.639908,1.9641429360748026
16/01/2025 14:05,-12.946415,141.640121,1.758747379661048
16/01/2025 14:04,-12.946442,141.639816,1.8928923330847747
16/01/2025 14:04,-12.946468,141.639572,2.5630300234216605
16/01/2025 14:03,-12.946464,141.639648,1.1070522319897682
16/01/2025 14:03,-12.946486,141.639404,3.7144566404850288
16/01/2025 14:02,-12.946504,141.63916,3.5368478722543077
16/01/2025 14:02,-12.946525,141.638885,1.4658816866391897
16/01/2025 14:02,-12.946544,141.638611,1.1806462116014722
16/01/2025 14:01,-12.946567,141.638351,1.0824929355894575
16/01/2025 14:01,-12.946598,141.638092,1.6051998553243951
16/01/2025 14:00,-12.946616,141.637817,1.8147057367739312
16/01/2025 14:00,-12.946631,141.637543,0.26362546841236467
16/01/2025 14:00,-12.946658,141.637299,0.5368890079216619
16/01/2025 13:59,-12.946685,141.637039,1.3344614327639424
16/01/2025 13:59,-12.946713,141.636749,1.2166706895854433
16/01/2025 13:58,-12.946656,141.636597,0.5907269893361045
16/01/2025 13:58,-12.946471,141.63681,0.46063663969781743
16/01/2025 13:57,-12.946325,141.636993,-0.4283605817582776
16/01/2025 13:57,-12.94618,141.637161,0.26662784188626354
16/01/2025 13:57,-12.946045,141.637329,-0.009897745167957162
16/01/2025 13:56,-12.945915,141.637482,-0.4628783225658899
16/01/2025 13:56,-12.945802,141.637634,-0.5594458410710992
16/01/2025 13:55,-12.945682,141.637802,-0.6242333473246751
16/01/2025 13:55,-12.945534,141.637955,0.19171776928745587
16/01/2025 13:55,-12.945414,141.638107,-0.2684680144959195
16/01/2025 13:54,-12.94527,141.638275,0.6191745103125506
16/01/2025 13:54,-12.945117,141.638458,0.2543697120073831
16/01/2025 13:53,-12.944959,141.638657,0.6569505665531072
16/01/2025 13:53,-12.944805,141.638855,0.3263291080499988
16/01/2025 13:52,-12.944661,141.639038,0.38602855846709483
16/01/2025 13:52,-12.944516,141.639206,1.0904148778018976
16/01/2025 13:52,-12.944386,141.639374,0.2972928304532967
16/01/2025 13:51,-12.944272,141.639526,0.10407136175970688
16/01/2025 13:51,-12.944152,141.639679,1.1397089218773164
16/01/2025 13:50,-12.94411,141.639816,2.5684971376777908
16/01/2025 13:50,-12.944075,141.639984,0.18159714179887976
16/01/2025 13:50,-12.944072,141.640244,-1.6035378449227018
16/01/2025 13:49,-12.944036,141.640335,-0.7566524331471549
16/01/2025 13:49,-12.944023,141.640656,2.8899311506843164
16/01/2025 13:48,-12.944023,141.6409,-1.0241838209594505
16/01/2025 13:48,-12.943947,141.641327,-0.6767327254995545
16/01/2025 13:47,-12.943845,141.641769,-0.7257919661945929
16/01/2025 13:47,-12.943784,141.641907,0.3073972891481318
16/01/2025 13:32,-12.945157,141.638397,0.4302918036153749
16/01/2025 13:31,-12.945685,141.637726,0.12546107509980775
16/01/2025 13:29,-12.94615,141.637192,-1.1227058201143083
16/01/2025 13:27,-12.946667,141.636551,1.2442858631968576
16/01/2025 13:26,-12.946665,141.636826,0.42512701293223243
16/01/2025 12:59,-12.946729,141.637833,0.35281920246271903
16/01/2025 12:57,-12.946673,141.638748,0.08838266278539719
16/01/2025 12:56,-12.946609,141.639618,0.20990673258817116
16/01/2025 12:54,-12.9466,141.639999,1.3554209508855628
16/01/2025 12:52,-12.946642,141.639114,1.6164876067020186
16/01/2025 12:51,-12.946695,141.638275,0.4239664734908075
16/01/2025 12:49,-12.946742,141.637512,0.8624354075952625
16/01/2025 12:47,-12.946838,141.637268,0.888570746979753
16/01/2025 12:46,-12.946803,141.638245,-0.006607181783378158
16/01/2025 12:44,-12.946761,141.639008,0.09175612414482903
16/01/2025 12:42,-12.946747,141.639297,-0.1157897020415648
16/01/2025 12:41,-12.94672,141.639984,0.8802791532692908
16/01/2025 12:39,-12.946732,141.639572,3.7065866474000133
16/01/2025 12:36,-12.946788,141.63858,1.120298597816739
16/01/2025 12:34,-12.94683,141.637604,-0.002659210602391937
16/01/2025 12:32,-12.946835,141.63739,0.9874670667291645
16/01/2025 12:31,-12.946901,141.638321,-0.7510046394146404
16/01/2025 7:12,-12.949253,141.639435,0.3507257389266172
16/01/2025 7:10,-12.949085,141.638779,0.2828639803022268
16/01/2025 7:08,-12.94893,141.638138,-1.0732474656996325
16/01/2025 7:07,-12.948763,141.637558,-0.06574895405543257
16/01/2025 7:05,-12.948992,141.637955,0.08735339926334307
16/01/2025 7:03,-12.94917,141.638657,-0.180350977252552
16/01/2025 7:02,-12.949308,141.639252,-0.37521309082532506
16/01/2025 7:00,-12.949438,141.639709,0.0015072686757049425
16/01/2025 7:00,-12.949387,141.639526,1.1827386948218588
16/01/2025 6:59,-12.949338,141.639343,1.4591562301687853
16/01/2025 6:59,-12.949298,141.639175,2.0343665090118273
16/01/2025 6:58,-12.949257,141.639008,2.2657817729431
16/01/2025 6:58,-12.949206,141.63884,0.8391171351969224
16/01/2025 6:57,-12.949173,141.638672,0.9089827500323324
16/01/2025 6:57,-12.949125,141.638504,0.3607928721178191
16/01/2025 6:57,-12.949092,141.638321,0.5697372497977851
16/01/2025 6:56,-12.949039,141.638153,0.22026446229866603
16/01/2025 6:56,-12.948995,141.63797,0.4902987902997973
16/01/2025 6:55,-12.948941,141.637787,0.37060969755780815
16/01/2025 6:55,-12.948898,141.637589,0.6789570288752846
16/01/2025 6:55,-12.94883,141.63739,1.0435886389733897
16/01/2025 6:54,-12.948928,141.637238,-0.2194822694553631
16/01/2025 6:54,-12.949073,141.637253,0.6692777493705502
16/01/2025 6:53,-12.94917,141.637497,0.23828754954253228
16/01/2025 6:53,-12.949251,141.637695,-0.7398877969591346
16/01/2025 6:52,-12.949327,141.637863,-0.7098704979548525
16/01/2025 6:52,-12.949387,141.638016,-0.6672087066207713
16/01/2025 6:52,-12.949445,141.638184,0.014310048555469468
16/01/2025 6:51,-12.949515,141.638351,-0.624265443105287
16/01/2025 6:51,-12.949581,141.638504,-0.5865780191012289
16/01/2025 6:50,-12.949648,141.638672,-0.03067329751577641
16/01/2025 6:50,-12.949772,141.638977,0.3387413144116682
16/01/2025 6:49,-12.949835,141.639145,0.07527454481938545
16/01/2025 6:49,-12.949892,141.639282,-0.21376307497544111
16/01/2025 6:48,-12.949937,141.639389,0.5032851394213778
16/01/2025 6:48,-12.949998,141.639542,0.7920717563613704
16/01/2025 6:47,-12.950064,141.639725,1.0729716580028983
16/01/2025 6:47,-12.95014,141.639923,0.009559866969256925
16/01/2025 6:47,-12.950205,141.640076,-0.22796998280646807
16/01/2025 6:46,-12.95016,141.639969,0.9814251650616043
16/01/2025 6:46,-12.95008,141.639771,0.8991612752946794
16/01/2025 6:45,-12.950006,141.639587,1.4215660647314836
16/01/2025 6:45,-12.94994,141.639404,1.204067424187624
16/01/2025 6:45,-12.949859,141.639206,1.3207930023284289
16/01/2025 6:44,-12.949777,141.639023,1.4162619096951985
16/01/2025 6:44,-12.949705,141.638824,-0.759073390009696
16/01/2025 6:43,-12.949625,141.638641,0.5319555425453011
16/01/2025 6:43,-12.94956,141.638474,0.4782319951453238
16/01/2025 6:42,-12.949503,141.638306,-0.4021897322975585
16/01/2025 6:42,-12.949409,141.638077,0.274094569023166
16/01/2025 6:41,-12.94934,141.637924,0.21009662090839099
16/01/2025 6:41,-12.949284,141.637787,0.12000805900881772
16/01/2025 6:40,-12.94922,141.637634,0.2285567676717406
16/01/2025 6:40,-12.949152,141.637466,0.7033627930841824
16/01/2025 6:40,-12.949021,141.637436,0.27814477540190463
16/01/2025 6:39,-12.949101,141.637665,0.40083658497423524
16/01/2025 6:39,-12.94919,141.637863,0.7352991543603471
16/01/2025 6:38,-12.949271,141.638062,0.09276876300278736
16/01/2025 6:38,-12.949345,141.63826,0.5798504667646607
16/01/2025 6:37,-12.949427,141.638443,0.7776591485863198
16/01/2025 6:37,-12.949482,141.638596,0.13072540311076408
16/01/2025 6:37,-12.949547,141.638763,-0.2866571352978937
16/01/2025 6:36,-12.949635,141.638992,0.49742000531760655
16/01/2025 6:34,-12.949946,141.639771,0.9477882322577085
16/01/2025 6:33,-12.950075,141.640076,-0.1087334880380948
16/01/2025 6:31,-12.949819,141.63945,1.6392169708524191
16/01/2025 6:29,-12.949529,141.638733,0.36011831526223403
16/01/2025 6:28,-12.949266,141.638062,0.49018064999349353
16/01/2025 6:26,-12.949,141.637299,0.0644636343286773
16/01/2025 6:24,-12.94958,141.63649,-0.07318490926285026
16/01/2025 6:23,-12.94993,141.635452,-0.0067030116190829325
16/01/2025 6:21,-12.950147,141.634521,-0.347772243273035
16/01/2025 6:19,-12.950397,141.633438,0.36743790749821525
16/01/2025 6:18,-12.950568,141.632797,0.22591865916673992
16/01/2025 6:18,-12.950642,141.632568,0.6490229424341301
16/01/2025 6:17,-12.950715,141.632339,1.159581390431521
16/01/2025 6:17,-12.950787,141.632111,0.7428143877264519
16/01/2025 6:17,-12.950856,141.631882,1.2885192785687902
16/01/2025 6:16,-12.950913,141.631699,-0.016415925573794343
16/01/2025 6:16,-12.950958,141.631531,0.572147442550019
16/01/2025 6:16,-12.951052,141.631363,0.9487145817143776
16/01/2025 6:15,-12.951072,141.631317,1.054109358435606
16/01/2025 6:15,-12.951193,141.631195,2.219443959387897
16/01/2025 6:15,-12.951322,141.631088,0.6917291864700557
16/01/2025 6:14,-12.951438,141.631073,-1.4003150628851775
16/01/2025 6:14,-12.951553,141.631042,-1.5762538117200302
16/01/2025 6:14,-12.951703,141.631042,-1.4592499360954267
16/01/2025 6:13,-12.951895,141.631073,-0.742359601087065
16/01/2025 6:13,-12.951975,141.631134,2.0685441962259987
16/01/2025 6:13,-12.952048,141.631119,3.7635340920038898
16/01/2025 6:12,-12.952111,141.631104,-1.6351887529347815
16/01/2025 6:12,-12.952329,141.631104,1.3970971066162088
16/01/2025 6:12,-12.952445,141.631088,-1.3118217198567916
16/01/2025 6:11,-12.952487,141.631119,4.0112456799808065
16/01/2025 6:11,-12.952646,141.631104,2.3919427576718038
16/01/2025 6:11,-12.952782,141.631088,2.2687004884563855
16/01/2025 6:10,-12.95297,141.631073,2.7561717235881877
16/01/2025 6:09,-12.953127,141.631073,3.602877338711984
16/01/2025 6:09,-12.953281,141.631088,1.7854660905042703
16/01/2025 6:08,-12.95343,141.631088,2.195962760648622
16/01/2025 6:08,-12.95357,141.631088,3.6075963910225872
16/01/2025 6:08,-12.95368,141.631134,0.12455074958446177
16/01/2025 6:07,-12.953868,141.631332,0.5565488231660489
16/01/2025 6:07,-12.953981,141.631393,1.1903136092713646
16/01/2025 6:07,-12.954142,141.631271,1.2525926041410065
16/01/2025 6:06,-12.954103,141.631119,-1.5341969468388252
16/01/2025 5:42,-12.954123,141.631027,1.780046076612171
16/01/2025 5:41,-12.954097,141.631149,0.5926259973789343
16/01/2025 5:41,-12.954125,141.631348,0.052358151696216604
16/01/2025 5:40,-12.954178,141.631409,2.4292100083852395
16/01/2025 5:40,-12.95399,141.631531,2.1187749659132105
16/01/2025 5:40,-12.953988,141.631424,-0.5276451834172535
16/01/2025 5:39,-12.953785,141.631241,-0.3847127697453687
16/01/2025 5:39,-12.953755,141.631332,2.0911106553079417
16/01/2025 5:39,-12.953712,141.631241,0.8568805881218149
16/01/2025 5:38,-12.953669,141.631119,3.7250472755651236
16/01/2025 5:38,-12.95352,141.631119,2.203918324870803
16/01/2025 5:38,-12.953373,141.631119,2.3396384995258064
16/01/2025 5:37,-12.953218,141.631104,2.1554411903643906
16/01/2025 5:37,-12.95307,141.631104,2.760554615528198
16/01/2025 5:37,-12.952929,141.631104,2.1064990166163144
16/01/2025 5:36,-12.952793,141.631104,2.197343427793619
16/01/2025 5:36,-12.952648,141.631104,2.0703190967645004
16/01/2025 5:36,-12.952508,141.631119,3.597768772332073
16/01/2025 5:35,-12.952389,141.631149,0.9013550786990023
16/01/2025 5:35,-12.952396,141.631134,2.24122901028118
16/01/2025 5:35,-12.952187,141.631088,-1.3774575068378918
16/01/2025 5:34,-12.952035,141.631119,0.9140226384168353
16/01/2025 5:34,-12.952019,141.631134,3.4416238225020663
16/01/2025 5:34,-12.951901,141.631088,-1.469655960969055
16/01/2025 5:33,-12.951736,141.631058,-1.4713280252692882
16/01/2025 5:33,-12.951575,141.631027,-1.462161231304699
16/01/2025 5:33,-12.951427,141.631042,-1.249859551125962
16/01/2025 5:32,-12.951303,141.631119,2.5231698140612178
16/01/2025 5:32,-12.951259,141.631088,0.07920914749418806
16/01/2025 5:32,-12.951121,141.631058,0.9029798269624567
16/01/2025 5:31,-12.951045,141.63121,0.8998075185470702
16/01/2025 5:31,-12.950903,141.631393,0.6380267069611387
16/01/2025 5:31,-12.950796,141.631607,0.44340354584852393
16/01/2025 5:30,-12.950675,141.631805,0.1997250977548124
16/01/2025 5:30,-12.950597,141.632019,0.19261612422678942
16/01/2025 5:30,-12.95054,141.632217,0.7711257588093352
16/01/2025 5:29,-12.950455,141.632431,2.132724712457545
16/01/2025 5:29,-12.950367,141.632675,2.9271273729118272
16/01/2025 5:29,-12.950289,141.632874,2.478696067232675
16/01/2025 5:28,-12.950227,141.633118,1.3264165331964783
16/01/2025 5:28,-12.950102,141.633469,0.8088557041126847
16/01/2025 5:27,-12.950035,141.633682,-0.12726212001833126
16/01/2025 5:27,-12.949975,141.633911,0.19872138236555492
16/01/2025 5:27,-12.949926,141.63414,0.13090093554263071
16/01/2025 5:26,-12.949879,141.634338,-0.23164334360038952
16/01/2025 5:25,-12.949545,141.635468,0.7253697493672031
16/01/2025 5:23,-12.949205,141.636444,0.166397613114579
16/01/2025 5:21,-12.948934,141.637421,1.7019904743584853
16/01/2025 5:20,-12.949057,141.637924,-0.8145667021785288
16/01/2025 5:18,-12.949213,141.638565,0.5512173076351181
16/01/2025 5:16,-12.949347,141.639099,-0.4546979835153877
16/01/2025 5:15,-12.949483,141.639633,0.14391490640865978
16/01/2025 5:13,-12.949618,141.640228,0.5871399387020988
16/01/2025 5:11,-12.949628,141.64035,2.030391281531143
16/01/2025 5:10,-12.949502,141.639725,0.4421521638526398
16/01/2025 5:08,-12.949347,141.639069,1.3892841751872163
16/01/2025 5:06,-12.949168,141.638397,0.6126219547534091
16/01/2025 5:05,-12.949015,141.637726,0.09189516321398394
16/01/2025 5:03,-12.948753,141.63707,1.1807527681451706
16/01/2025 5:00,-12.949438,141.636703,0.7366452015394405
16/01/2025 4:58,-12.949828,141.635727,0.3036552818799496
16/01/2025 4:56,-12.949946,141.634628,-0.1714029592527071
15/01/2025 11:34,-12.950022,141.638229,0.7680293324085237
15/01/2025 11:09,-12.950033,141.637619,0.46128684364423833
15/01/2025 11:09,-12.950169,141.637848,0.713845580254157
15/01/2025 11:08,-12.950312,141.638092,0.6801829269501987
15/01/2025 11:08,-12.950452,141.63829,-0.13454732612453846
15/01/2025 11:08,-12.950579,141.638519,0.21985361524140568
15/01/2025 11:07,-12.95072,141.638733,2.4424123745353246
15/01/2025 11:07,-12.950862,141.638992,2.817624526392451
15/01/2025 11:06,-12.95099,141.639191,2.8395461064208773
15/01/2025 11:06,-12.951127,141.639435,2.5727682603637523
15/01/2025 11:05,-12.951272,141.639679,3.8515393012089634
15/01/2025 11:05,-12.951306,141.639725,3.485807155224818
15/01/2025 11:05,-12.951175,141.639496,2.8352047852184645
15/01/2025 11:04,-12.951034,141.639267,2.164588683325442
15/01/2025 11:03,-12.950856,141.638977,4.09423737164744
15/01/2025 11:03,-12.950742,141.638794,4.166727179349856
15/01/2025 11:03,-12.950597,141.63855,0.9566654824587306
15/01/2025 11:02,-12.950461,141.638336,0.9779702569595196
15/01/2025 11:02,-12.950318,141.638107,1.1367946864621528
15/01/2025 11:01,-12.950176,141.637863,1.030758612954897
15/01/2025 11:01,-12.950048,141.637634,0.7724656937379331
15/01/2025 11:00,-12.94992,141.637436,-0.23233401923649621
15/01/2025 11:00,-12.949828,141.637299,1.0774697628279997
15/01/2025 11:00,-12.94988,141.637314,0.7943464929207518
15/01/2025 10:59,-12.950087,141.637451,-0.210062000296809
15/01/2025 10:59,-12.950203,141.63768,-0.3507436542315161
15/01/2025 10:58,-12.950314,141.637894,0.9688064297793473
15/01/2025 10:58,-12.95044,141.638077,-0.29475924273903376
15/01/2025 10:58,-12.95052,141.638199,0.35120870889440226
15/01/2025 10:57,-12.95064,141.638412,1.20891812125024
15/01/2025 10:57,-12.950768,141.638611,2.703606947754607
15/01/2025 10:56,-12.950898,141.638824,2.8639096821409993
15/01/2025 10:56,-12.951028,141.639038,2.9361273292131065
15/01/2025 10:55,-12.951155,141.639267,2.099518612158299
15/01/2025 10:55,-12.951266,141.63945,1.8176719715201293
15/01/2025 10:55,-12.951406,141.639679,1.5364683937169812
15/01/2025 10:54,-12.951502,141.639832,1.733577246599575
15/01/2025 10:54,-12.951344,141.639587,3.3997380652439553
15/01/2025 10:53,-12.951208,141.639359,2.735162652220762
15/01/2025 10:53,-12.951081,141.639145,2.0229785422462254
15/01/2025 10:53,-12.951005,141.639008,3.64939342424137
15/01/2025 10:52,-12.950916,141.638885,4.246260312623939
15/01/2025 10:52,-12.950809,141.638702,3.4041847804453313
15/01/2025 10:51,-12.95065,141.638443,1.6131312415053536
15/01/2025 10:51,-12.950492,141.638184,1.66908248673765
15/01/2025 10:50,-12.950343,141.637939,0.9497352628961864
15/01/2025 10:50,-12.95021,141.637711,0.7873861971447322
15/01/2025 10:50,-12.950062,141.637482,-0.009699646248266358
15/01/2025 10:49,-12.949944,141.637283,0.7108705328088349
15/01/2025 10:49,-12.950167,141.637436,-0.13594247406008053
15/01/2025 10:48,-12.950318,141.63768,0.816474480470714
15/01/2025 10:48,-12.950463,141.637909,1.0826261519133116
15/01/2025 10:48,-12.95061,141.638153,1.6649781041834266
15/01/2025 10:47,-12.950765,141.638397,2.314085401814316
15/01/2025 10:47,-12.950903,141.638641,3.5727017374798127
15/01/2025 10:46,-12.951043,141.63887,3.141291288176836
15/01/2025 10:46,-12.95115,141.639038,4.060571001034466
15/01/2025 10:45,-12.95112,141.638992,3.9007563255336892
15/01/2025 10:45,-12.951005,141.638809,3.6067033171631784
15/01/2025 10:41,-12.950927,141.638672,3.8061654102860416
15/01/2025 10:40,-12.95081,141.638504,2.9574363048584784
15/01/2025 10:40,-12.950691,141.638306,1.4272989083969865
15/01/2025 10:40,-12.950568,141.638107,1.6148378781643073
15/01/2025 10:39,-12.95046,141.637939,1.2727549882643487
15/01/2025 10:39,-12.950341,141.637741,1.0947710265397346
15/01/2025 10:38,-12.95023,141.637558,0.19135424710362314
15/01/2025 10:38,-12.950122,141.63739,1.656727797895382
15/01/2025 10:35,-12.950202,141.63739,0.9675725921341287
15/01/2025 10:34,-12.950367,141.637604,0.12388062598991678
15/01/2025 10:34,-12.950508,141.637833,0.5422359012589517
15/01/2025 10:33,-12.950648,141.638062,0.9674547972378125
15/01/2025 10:33,-12.950795,141.63829,1.518298145019741
15/01/2025 10:33,-12.950949,141.638519,1.2999192715519023
15/01/2025 10:32,-12.951085,141.638748,1.4611534706485045
15/01/2025 10:32,-12.951223,141.638977,2.0919577845683683
15/01/2025 10:31,-12.951295,141.639114,2.7480397850610414
15/01/2025 10:31,-12.951192,141.638901,2.554872336255884
15/01/2025 10:30,-12.951036,141.638657,1.728554845655616
15/01/2025 10:30,-12.950871,141.638397,1.4530710560360487
15/01/2025 10:30,-12.950722,141.638153,1.23963137836753
15/01/2025 10:29,-12.950562,141.637894,0.7971634261906178
15/01/2025 10:29,-12.950414,141.637634,1.0275297236006553
15/01/2025 10:28,-12.950233,141.63739,1.0067175978214298
15/01/2025 10:28,-12.950327,141.637344,0.5972326348436507
15/01/2025 10:27,-12.950486,141.637573,0.5780120818532004
15/01/2025 10:27,-12.950645,141.637787,0.7627400973611269
15/01/2025 10:26,-12.9508,141.638031,1.500093211217324
15/01/2025 10:26,-12.950943,141.63826,2.316409262162032
15/01/2025 10:25,-12.951097,141.638504,1.8979273040449263
15/01/2025 10:25,-12.95123,141.638718,2.5565785230525346
15/01/2025 10:24,-12.951375,141.638931,1.876537830907654
15/01/2025 10:24,-12.951467,141.639084,0.9891439295308597
15/01/2025 10:23,-12.951313,141.63884,1.2645053756392284
15/01/2025 10:23,-12.951203,141.638657,3.6741293693926185
15/01/2025 10:23,-12.951083,141.638474,3.4034349969188167
15/01/2025 10:22,-12.950996,141.638336,2.940778292602792
15/01/2025 10:22,-12.950974,141.638306,4.22936802841737
15/01/2025 10:21,-12.950882,141.638153,3.356564289511297
15/01/2025 10:21,-12.95075,141.637924,3.4403212853048974
15/01/2025 10:20,-12.95062,141.637711,3.127595167072443
15/01/2025 10:20,-12.950459,141.637482,0.9932051089808261
15/01/2025 10:20,-12.950294,141.637238,2.6281657287135243
15/01/2025 10:19,-12.950506,141.637344,0.565584366813499
15/01/2025 10:19,-12.950655,141.637573,1.6359631492745053
15/01/2025 6:48,-12.94205,141.637039,0.989509994818016
15/01/2025 6:46,-12.942389,141.636719,-0.17777963159828714
15/01/2025 6:45,-12.94241,141.636551,0.08676402479908418
15/01/2025 6:43,-12.941838,141.636627,0.22692297112850102
15/01/2025 6:41,-12.941577,141.636795,1.1588946937942808
15/01/2025 6:40,-12.942046,141.636627,0.33376127172668113
15/01/2025 6:38,-12.941685,141.636917,-0.4962246503601975
15/01/2025 6:36,-12.942053,141.636597,0.14336752740758696
15/01/2025 6:35,-12.941482,141.636658,-0.32066865672805056
15/01/2025 6:33,-12.94209,141.636597,0.23484759493837348
15/01/2025 6:31,-12.94196,141.636841,-0.6099131485088183
15/01/2025 6:30,-12.941745,141.637024,-0.4854708776176784
15/01/2025 6:28,-12.942186,141.636627,0.29380626295742585
15/01/2025 6:26,-12.94214,141.63681,1.2710207707872527
15/01/2025 6:25,-12.941868,141.63707,0.3340073519409017
15/01/2025 6:23,-12.941972,141.636963,2.2585483033403113
15/01/2025 6:21,-12.94238,141.636581,1.2226139713837414
15/01/2025 6:20,-12.942641,141.636642,0.10433872173697911
15/01/2025 6:18,-12.942206,141.637054,0.28841835314481035
15/01/2025 6:16,-12.941802,141.637421,0.7025343748375874
15/01/2025 6:15,-12.941593,141.637619,1.5521073645051249
15/01/2025 6:13,-12.942066,141.637177,0.4922242529312528
15/01/2025 6:11,-12.94249,141.63678,1.4255501523688698
15/01/2025 6:10,-12.942944,141.636475,0.157161842732918
15/01/2025 6:06,-12.942257,141.637238,-0.6915171738635775
15/01/2025 6:05,-12.942023,141.637436,0.06250794258170367
15/01/2025 6:03,-12.941961,141.637497,0.5613070927219321
15/01/2025 6:01,-12.942324,141.637161,0.28203103993172585
15/01/2025 5:58,-12.942728,141.636795,-0.4993300338723814
15/01/2025 5:56,-12.943093,141.636459,0.4748815789791885
15/01/2025 5:55,-12.943163,141.636612,0.24314759372169203
15/01/2025 5:53,-12.942701,141.637054,-0.595520849536181
15/01/2025 5:51,-12.942295,141.637436,0.38640495787003104
15/01/2025 5:50,-12.941861,141.637833,0.33990739282120996
15/01/2025 5:48,-12.942148,141.637573,1.0666433168283298
15/01/2025 5:46,-12.942472,141.637268,1.3444553576114298
15/01/2025 5:45,-12.942783,141.636978,-0.82882924111779
15/01/2025 5:41,-12.943381,141.636414,0.5756718323463115
15/01/2025 5:40,-12.943419,141.636612,-0.5178687730024936
15/01/2025 5:38,-12.942986,141.637009,-0.578383327408249
15/01/2025 5:37,-12.94284,141.637146,0.277285010169797
15/01/2025 5:37,-12.942623,141.63736,0.10483492693261565
15/01/2025 5:36,-12.942422,141.637558,0.1516172019652362
15/01/2025 5:35,-12.942242,141.637741,-0.03554001554854991
15/01/2025 5:34,-12.942055,141.637909,-0.09722397931699911
15/01/2025 5:32,-12.942487,141.637497,0.2021195757593508
15/01/2025 5:28,-12.943463,141.636566,-0.6712013740812224
15/01/2025 5:27,-12.943711,141.636368,1.3635576156015459
15/01/2025 5:27,-12.943849,141.636353,0.9721391074247384
15/01/2025 5:26,-12.943965,141.636337,0.7016937373133942
15/01/2025 5:26,-12.943927,141.636414,0.09343967320484192
15/01/2025 5:26,-12.943842,141.63649,0.18392134297870855
15/01/2025 5:25,-12.943751,141.636566,-0.8913613223120227
15/01/2025 5:25,-12.943675,141.636658,-0.9651061138700348
15/01/2025 5:25,-12.94359,141.636734,-0.44266551485444605
15/01/2025 5:24,-12.943505,141.636826,0.1255543886942081
15/01/2025 5:24,-12.943412,141.636902,-0.0518639424629157
15/01/2025 5:24,-12.943314,141.636993,-0.09352652365389824
15/01/2025 5:23,-12.943213,141.637085,0.1114715870309555
15/01/2025 5:23,-12.943107,141.637192,0.3782981653601991
15/01/2025 5:23,-12.942993,141.637299,0.7958817566491092
15/01/2025 5:22,-12.942893,141.637405,-0.31220412636707007
15/01/2025 5:22,-12.942806,141.637497,0.4752766958782906
15/01/2025 5:22,-12.942717,141.637619,0.3164815181404934
15/01/2025 5:21,-12.942598,141.63768,-0.8211284923115061
15/01/2025 5:21,-12.942516,141.637756,0.08315186567999722
15/01/2025 5:21,-12.942427,141.637848,0.3354424681528787
15/01/2025 5:20,-12.942344,141.637924,0.4035422796388042
15/01/2025 5:20,-12.942268,141.638016,-0.037915450008507934
15/01/2025 5:18,-12.942273,141.638,-0.4862265233361214
15/01/2025 5:17,-12.942654,141.63765,-0.32054044743200905
15/01/2025 5:15,-12.94304,141.637238,0.2289197220025263
15/01/2025 5:09,-12.944582,141.635757,-0.22164329775325253
15/01/2025 5:08,-12.944801,141.635559,-0.4899357319206361
15/01/2025 5:07,-12.945145,141.635208,-1.1935968810980322
15/01/2025 5:06,-12.94528,141.635071,-0.9465605749564063
15/01/2025 5:04,-12.945599,141.634781,-1.1718133106397866
15/01/2025 5:02,-12.946036,141.63443,1.0798090870016899
15/01/2025 5:01,-12.946781,141.635117,1.7101591947633872
15/01/2025 4:57,-12.946834,141.636337,-0.541902645661724
15/01/2025 4:55,-12.946237,141.637085,0.5631856804029785
15/01/2025 4:54,-12.945963,141.637421,0.21274799571619152
15/01/2025 4:54,-12.945705,141.637741,0.766106224678333
15/01/2025 4:53,-12.94544,141.638077,0.9800165421755717
15/01/2025 4:52,-12.945185,141.638382,0.6650346298291852
15/01/2025 4:51,-12.944905,141.638733,1.8841189748179055
15/01/2025 4:50,-12.944658,141.639038,0.7375422428268466
15/01/2025 4:49,-12.944382,141.639359,1.074927476866007
15/01/2025 4:49,-12.944165,141.639771,2.408180058111914
15/01/2025 4:48,-12.944005,141.640182,-1.2392087480748373
15/01/2025 4:47,-12.943954,141.640442,0.20915719404312894
15/01/2025 4:46,-12.943867,141.640808,-0.4033629948238926
15/01/2025 4:45,-12.94378,141.641281,-0.3540499078019792
15/01/2025 4:44,-12.943644,141.64151,0.0691466395678384
15/01/2025 4:44,-12.943657,141.641891,0.47773432722391695
14/01/2025 13:58,-12.947005,141.638748,0.327188372471231
14/01/2025 13:56,-12.946992,141.639679,0.24640662859731766
14/01/2025 13:54,-12.947019,141.638977,1.2629484750199658
14/01/2025 13:53,-12.947006,141.638458,-0.37700595649656066
14/01/2025 13:51,-12.947003,141.637924,-0.07612248929214349
14/01/2025 13:49,-12.946977,141.637405,-0.6706288851652222
14/01/2025 13:48,-12.946952,141.636826,-0.8289739719085572
14/01/2025 13:46,-12.94708,141.636124,0.48630488506375147
14/01/2025 13:44,-12.9475,141.636734,-0.38378609110435935
14/01/2025 13:43,-12.94748,141.637589,-0.46703469915299234
14/01/2025 13:41,-12.947488,141.638397,-0.07169085831878164
14/01/2025 13:39,-12.9475,141.639297,0.0056610544505526494
14/01/2025 13:38,-12.947501,141.63945,0.6141050768960061
14/01/2025 13:36,-12.9475,141.638824,-1.0733742145209955
14/01/2025 13:34,-12.947469,141.63826,-1.0014807674901767
14/01/2025 13:33,-12.947505,141.637695,-0.6686223425454161
14/01/2025 13:31,-12.947474,141.637207,-1.3583096549297036
14/01/2025 13:29,-12.947508,141.636841,-1.302971490844954
14/01/2025 13:28,-12.947515,141.636292,1.0676432152584985
14/01/2025 13:26,-12.947197,141.636612,-0.822447691793172
14/01/2025 13:24,-12.947186,141.637314,-0.22911859080790542
14/01/2025 13:22,-12.947186,141.638199,0.26229246991894484
14/01/2025 13:22,-12.94718,141.638657,-0.10392222881509783
14/01/2025 13:21,-12.947173,141.639084,0.08690625581381939
14/01/2025 13:01,-12.947178,141.639648,0.5275040678466119
14/01/2025 13:00,-12.947177,141.639267,0.24352033585084865
14/01/2025 12:59,-12.947184,141.638916,0.24205660387357608
14/01/2025 12:58,-12.947184,141.638596,-0.1203932828877865
14/01/2025 12:57,-12.947175,141.638306,-0.6353529838527137
14/01/2025 12:57,-12.947178,141.637985,-0.669308844033428
14/01/2025 12:56,-12.947184,141.637665,-0.06659116010189958
14/01/2025 12:55,-12.94718,141.63739,-0.8083293632005821
14/01/2025 12:54,-12.947185,141.6371,-0.930346164137605
14/01/2025 12:53,-12.947188,141.636795,-0.8941342468132243
14/01/2025 12:52,-12.947191,141.636475,-0.6926503903852317
14/01/2025 12:52,-12.947173,141.636078,-0.38598663944966294
14/01/2025 12:51,-12.947248,141.635544,-0.18513647137279277
14/01/2025 12:49,-12.946796,141.634674,0.0005705102389463867
14/01/2025 12:48,-12.946442,141.634445,0.9178296778870805
14/01/2025 12:47,-12.946055,141.634827,0.5967197325289457
14/01/2025 12:47,-12.945748,141.635101,0.04255871001383471
14/01/2025 12:45,-12.945263,141.63559,-0.34426278310782843
14/01/2025 12:43,-12.944767,141.636063,-0.49076146179537083
14/01/2025 12:42,-12.944348,141.636505,-0.8848528496504797
14/01/2025 12:40,-12.943893,141.636948,0.9569552371768779
14/01/2025 12:38,-12.943361,141.637451,1.222810572156276
14/01/2025 12:37,-12.942757,141.638046,1.6418320149020798
14/01/2025 12:23,-12.942608,141.638153,2.170601162224484
14/01/2025 12:22,-12.943002,141.637772,2.856506408616384
14/01/2025 12:21,-12.943098,141.63768,2.7841222355858717
14/01/2025 12:21,-12.943215,141.637573,0.566108647510114
14/01/2025 12:20,-12.943352,141.637451,0.4525859128614671
14/01/2025 12:20,-12.943477,141.637329,0.6919800621240564
14/01/2025 12:19,-12.943717,141.6371,0.19287809923929977
14/01/2025 12:19,-12.943836,141.636978,1.147859168046499
14/01/2025 12:18,-12.943958,141.636856,0.2706377628640382
14/01/2025 12:18,-12.944078,141.636734,0.27777679567611635
14/01/2025 12:17,-12.944259,141.636566,-0.024665111054904987
14/01/2025 12:16,-12.94436,141.636459,0.1701382485556664
14/01/2025 12:16,-12.944484,141.636353,-0.0892803747336326
14/01/2025 12:15,-12.9446,141.63623,-0.4859816072504266
14/01/2025 12:15,-12.944715,141.636139,0.2070847851181956
14/01/2025 12:15,-12.944848,141.635986,0.07161355363124988
14/01/2025 12:14,-12.94498,141.635864,0.2604316682087484
14/01/2025 12:14,-12.945088,141.635742,0.1809314332370513
14/01/2025 12:13,-12.945211,141.63562,0.23954505109953872
14/01/2025 12:13,-12.945335,141.635498,0.09688235379307386
14/01/2025 12:13,-12.945455,141.635376,0.019796507341834912
14/01/2025 12:12,-12.945579,141.635254,0.09903586836469569
14/01/2025 12:12,-12.945695,141.635132,0.0623746001514458
14/01/2025 12:11,-12.945808,141.635025,0.5864093393810277
14/01/2025 12:11,-12.945929,141.634918,0.1219933379529845
14/01/2025 12:10,-12.946038,141.634796,0.2161366684535786
14/01/2025 12:10,-12.946152,141.634735,0.03075525393587375
14/01/2025 12:10,-12.946246,141.634644,-0.7068159918212671
14/01/2025 12:09,-12.946365,141.634537,-2.036779664004606
14/01/2025 12:09,-12.946553,141.634476,0.8776701556026902
14/01/2025 12:08,-12.946553,141.634598,-0.975866094584493
14/01/2025 12:08,-12.946437,141.634705,-0.3229675282968878
14/01/2025 12:08,-12.946312,141.634811,-0.015683838187065424
14/01/2025 12:07,-12.946195,141.634933,-0.1890935547695647
14/01/2025 12:07,-12.946074,141.635056,0.10274442238535375
14/01/2025 9:02,-12.944141,141.638824,1.3371474960767822
14/01/2025 9:01,-12.944485,141.638428,0.9960478125853681
14/01/2025 8:59,-12.944997,141.637802,0.27192200907226516
14/01/2025 8:58,-12.94528,141.637466,0.019721787535490032
14/01/2025 8:57,-12.945597,141.6371,-0.13138771506661096
14/01/2025 8:57,-12.945699,141.636963,-0.03171191381837235
14/01/2025 8:57,-12.945813,141.636826,0.3485550530953956
14/01/2025 8:56,-12.945929,141.636688,0.12491215012005674
14/01/2025 8:56,-12.946054,141.636551,-0.10345175336249257
14/01/2025 8:56,-12.946163,141.636414,0.3486321658621272
14/01/2025 8:55,-12.946286,141.636261,0.001949217396073566
14/01/2025 8:55,-12.946406,141.636124,-0.03559443848488164
14/01/2025 8:55,-12.946537,141.635986,-0.011515755310752995
14/01/2025 8:54,-12.946662,141.635834,0.5729854777346564
14/01/2025 8:54,-12.946792,141.635666,0.6658798791462806
14/01/2025 8:54,-12.946895,141.635513,0.4812925451258503
14/01/2025 8:53,-12.946658,141.635529,0.6200102579764295
14/01/2025 8:53,-12.94648,141.635666,0.663964302983362
14/01/2025 8:53,-12.946337,141.635818,0.4979063091284601
14/01/2025 8:52,-12.946215,141.635956,0.4658833564846887
14/01/2025 8:52,-12.946095,141.636078,0.7083363132525125
14/01/2025 8:52,-12.945976,141.636185,0.08187434141812444
14/01/2025 8:51,-12.945853,141.636322,0.9021589768567913
14/01/2025 8:51,-12.94577,141.636398,-0.4722346297822293
14/01/2025 8:51,-12.94567,141.636505,0.31896531154710916
14/01/2025 8:50,-12.945566,141.636612,-0.6441628804130302
14/01/2025 8:50,-12.945483,141.636688,-1.0596383523056447
14/01/2025 8:45,-12.944286,141.637909,-0.6577158178754385
14/01/2025 8:45,-12.944212,141.637985,-0.5115741030002661
14/01/2025 8:45,-12.944143,141.638062,-0.9760836094568237
14/01/2025 8:41,-12.943435,141.638794,-0.7073304113073386
14/01/2025 8:41,-12.943363,141.638855,-0.8492973058344591
14/01/2025 8:36,-12.943394,141.638824,0.8094828185353573
14/01/2025 8:36,-12.943519,141.638702,0.8888839961979154
14/01/2025 8:33,-12.944368,141.637848,1.2366662106338833
14/01/2025 8:31,-12.944883,141.637329,-1.1090444652531661
14/01/2025 8:28,-12.945108,141.63707,-1.1129653828578783
14/01/2025 8:28,-12.945147,141.637039,-1.1063134498541025
14/01/2025 8:26,-12.94551,141.636658,-1.149784031793676
14/01/2025 8:24,-12.946132,141.636124,0.2714077241478883
14/01/2025 8:23,-12.946012,141.636246,1.1759457317993225
14/01/2025 8:21,-12.945421,141.636948,-0.7513928998477248
14/01/2025 8:19,-12.944772,141.637573,-1.0495947896713376
14/01/2025 8:18,-12.944701,141.637665,-1.100699982270088
14/01/2025 8:16,-12.944157,141.638214,-0.8143745836760994
14/01/2025 8:14,-12.943492,141.63887,-0.7892452511336328
14/01/2025 8:08,-12.944043,141.638306,0.2498161618883934
14/01/2025 8:08,-12.94416,141.638199,0.12991647686717456
14/01/2025 8:05,-12.944633,141.637695,-0.06014305230878403
14/01/2025 8:03,-12.94497,141.637466,-0.31070413815212694
14/01/2025 8:03,-12.944879,141.637573,0.23312758300619296
14/01/2025 8:00,-12.944088,141.638382,0.4924071731841564
14/01/2025 8:00,-12.943994,141.638489,0.19430904056713127
14/01/2025 8:00,-12.9439,141.638565,0.5171360702723584
14/01/2025 7:59,-12.943807,141.638672,1.263344429137364
14/01/2025 7:59,-12.943711,141.638763,1.2054085004878718
14/01/2025 7:59,-12.943611,141.638855,0.16944941941330738
14/01/2025 7:58,-12.94352,141.638947,0.2254784145832036
14/01/2025 7:57,-12.943495,141.638977,0.028114009723684275
14/01/2025 7:57,-12.94338,141.639084,0.9982925105259703
14/01/2025 7:57,-12.943256,141.639221,1.0046793925388249
14/01/2025 7:56,-12.943116,141.639359,1.7868544178021262
14/01/2025 7:56,-12.943135,141.639343,1.144388388521958
14/01/2025 7:56,-12.943247,141.639236,0.9750356888877212
14/01/2025 7:55,-12.943352,141.639114,0.8851224269643443
14/01/2025 7:55,-12.943463,141.639023,2.3989089353566295
14/01/2025 7:55,-12.943552,141.638931,3.1191285278345813
14/01/2025 7:54,-12.943653,141.638824,3.0072554950128527
14/01/2025 7:54,-12.943758,141.638718,2.798482821616319
14/01/2025 7:54,-12.943863,141.638626,1.250920471836271
14/01/2025 7:53,-12.943954,141.638519,0.9776465661856213
14/01/2025 7:53,-12.944047,141.638428,0.4144832934590228
14/01/2025 7:53,-12.94414,141.638336,0.09502352659013202
14/01/2025 7:52,-12.944235,141.638245,-0.1706463430747056
14/01/2025 7:52,-12.944325,141.638153,1.187568119023628
14/01/2025 7:52,-12.944431,141.638077,2.320083129462799
14/01/2025 7:51,-12.944342,141.638199,0.021131638928228558
14/01/2025 7:51,-12.94424,141.638321,1.7441071827091852
14/01/2025 7:51,-12.944161,141.638412,0.6198860759452574
14/01/2025 7:50,-12.944041,141.638535,0.43192293665284565
14/01/2025 7:50,-12.943927,141.638657,0.9018966468600931
14/01/2025 7:50,-12.943809,141.638809,2.0141979196042086
14/01/2025 7:49,-12.94366,141.638977,1.167190354909093
14/01/2025 7:49,-12.943523,141.63913,3.033030424579753
14/01/2025 7:49,-12.943367,141.639297,3.732114730832084
14/01/2025 7:48,-12.943256,141.639481,1.2529689356055873
14/01/2025 7:48,-12.943377,141.639343,1.034443770764702
14/01/2025 7:48,-12.943423,141.639282,3.836488820477414
14/01/2025 7:47,-12.943405,141.639313,3.1463814979800517
14/01/2025 7:47,-12.943421,141.639297,3.663733807202205
14/01/2025 7:47,-12.943368,141.639343,0.555789913568937
14/01/2025 7:46,-12.943276,141.639465,1.2001499307538008
14/01/2025 6:33,-12.946265,141.623978,3.596474792981509
14/01/2025 6:25,-12.946445,141.624268,2.02098791454023
14/01/2025 6:24,-12.946735,141.625381,1.6092687619153785
14/01/2025 6:22,-12.946194,141.626221,1.2509573302275663
14/01/2025 6:20,-12.945663,141.627197,2.888173731767926
14/01/2025 6:19,-12.945347,141.628006,0.47291677080504835
14/01/2025 6:18,-12.945222,141.628464,1.2654316842413098
14/01/2025 6:17,-12.945167,141.628708,2.0617300796825404
14/01/2025 6:15,-12.94502,141.629623,2.22463193641703
14/01/2025 6:14,-12.945332,141.630569,3.400626603402941
14/01/2025 6:12,-12.945875,141.631424,2.549728482214971
14/01/2025 6:10,-12.946235,141.632095,2.8545156009977877
14/01/2025 6:09,-12.946417,141.632996,1.3076331544888653
14/01/2025 6:07,-12.946821,141.633957,0.22058589712119492
14/01/2025 6:06,-12.94733,141.634644,0.647805100083249
14/01/2025 6:04,-12.94841,141.635406,1.6937168826838096
14/01/2025 6:02,-12.949077,141.63588,-0.06527694995221234
14/01/2025 6:01,-12.949951,141.636322,1.0997725761663733
14/01/2025 5:59,-12.950742,141.636627,-0.6135879347795941
14/01/2025 5:57,-12.951428,141.636719,1.0430200098309133
14/01/2025 5:56,-12.951455,141.636703,0.41293271498768425
14/01/2025 5:54,-12.950665,141.636612,1.5626560331603545
14/01/2025 5:52,-12.950242,141.636322,-0.054486786974282
14/01/2025 5:51,-12.950976,141.636398,0.34092956071512037
14/01/2025 5:49,-12.951708,141.63649,2.4707801112835805
14/01/2025 5:47,-12.950896,141.636383,1.3482407429292915
14/01/2025 5:46,-12.949984,141.636215,-0.1194753630721288
14/01/2025 5:44,-12.950657,141.636154,0.13180966670570182
14/01/2025 5:42,-12.951593,141.63623,1.2541538912322447
14/01/2025 5:41,-12.951235,141.6362,1.1261043908701092
14/01/2025 5:39,-12.9505,141.636139,0.5552751771165254
14/01/2025 5:37,-12.950098,141.636108,-0.4220628584462722
14/01/2025 5:36,-12.950383,141.636017,0.6694027934958859
14/01/2025 5:34,-12.95118,141.636063,0.23650811927735638
14/01/2025 5:32,-12.951774,141.636108,2.2463604485970667
14/01/2025 5:31,-12.950693,141.636002,2.392910226873506
14/01/2025 5:29,-12.951193,141.634918,1.813953643391979
14/01/2025 5:27,-12.951464,141.633728,2.387260043034159
14/01/2025 5:26,-12.952223,141.633148,3.290609224012302
14/01/2025 5:24,-12.952871,141.632675,2.5217599276744798
13/01/2025 12:56,-12.954115,141.631058,3.1103424509047684
13/01/2025 12:55,-12.954202,141.63147,-0.857928438251117
13/01/2025 12:55,-12.953992,141.63179,3.581291053079989
13/01/2025 12:54,-12.953753,141.631989,2.1610970014419646
13/01/2025 12:53,-12.953458,141.632217,4.3415217023020425
13/01/2025 12:52,-12.953152,141.632477,2.297122597650481
13/01/2025 12:51,-12.952848,141.632706,4.0936674547497205
13/01/2025 12:50,-12.95255,141.632904,3.3192480615928
13/01/2025 12:50,-12.952236,141.633148,2.5370745362916165
13/01/2025 12:49,-12.951877,141.633408,1.2763728699256278
13/01/2025 12:48,-12.951533,141.633698,1.4268506074742948
13/01/2025 12:47,-12.951462,141.634048,0.5408126297289007
13/01/2025 12:46,-12.951398,141.634354,-1.1339411655212546
13/01/2025 12:45,-12.951331,141.634613,0.11069743721664582
13/01/2025 12:44,-12.951225,141.63501,-1.0061883730301728
13/01/2025 12:43,-12.95098,141.63559,0.4575869776407684
13/01/2025 12:41,-12.950691,141.636032,-0.01645759426474136
13/01/2025 12:41,-12.950519,141.636246,-1.1777813463568516
13/01/2025 12:39,-12.950006,141.636475,0.1162308025046368
13/01/2025 12:37,-12.949368,141.636581,-1.2445984440387603
13/01/2025 12:36,-12.948798,141.636612,-1.3322351374551333
13/01/2025 12:34,-12.948156,141.636444,-1.6227968145816818
13/01/2025 12:32,-12.947561,141.63623,-1.5582325207689105
13/01/2025 12:31,-12.947215,141.63588,-1.5060744023877337
13/01/2025 12:29,-12.946729,141.636475,-1.0245571880136697
13/01/2025 12:27,-12.9463,141.636993,-1.2721483933924551
13/01/2025 12:24,-12.945923,141.637482,-0.6319003462455122
13/01/2025 12:22,-12.945548,141.637939,-1.7361382346246073
13/01/2025 12:21,-12.945343,141.638168,-0.39949254054959127
13/01/2025 12:20,-12.945247,141.63829,-0.9734646254328818
13/01/2025 12:20,-12.945164,141.638412,-1.2914117026844978
13/01/2025 12:19,-12.945075,141.638535,-1.3580066251067255
13/01/2025 12:19,-12.944973,141.638641,-1.0719847997139955
13/01/2025 8:53,-12.950296,141.622559,1.2310435752207334
13/01/2025 8:50,-12.950156,141.623169,0.31359328118879914
13/01/2025 8:49,-12.950065,141.623566,1.2207727782679534
13/01/2025 8:49,-12.949978,141.623901,0.18817907671975553
13/01/2025 8:48,-12.949877,141.624252,1.503243050787659
13/01/2025 8:47,-12.949922,141.623978,-0.04122427576857324
13/01/2025 8:46,-12.950027,141.623505,1.321494899839899
13/01/2025 8:45,-12.9502,141.622757,1.4822771998928033
13/01/2025 8:39,-12.949888,141.623917,0.641057134515443
13/01/2025 8:38,-12.949965,141.62355,1.658661805423535
13/01/2025 8:37,-12.950156,141.622711,1.6926096306632505
13/01/2025 8:36,-12.9502,141.622528,1.1900586618124729
13/01/2025 8:35,-12.950051,141.623199,1.0873437680476283
13/01/2025 8:34,-12.949991,141.623459,1.0176618386631755
13/01/2025 8:33,-12.949859,141.624008,0.8690065009979
13/01/2025 8:25,-12.949819,141.623978,0.054417332742361824
13/01/2025 8:07,-12.949655,141.624146,0.4258972942370849
13/01/2025 8:06,-12.9496,141.624268,0.8784496790306093
13/01/2025 8:02,-12.949931,141.622467,0.837199535238071
13/01/2025 8:02,-12.949899,141.62262,1.5695726159352263
13/01/2025 8:02,-12.949882,141.622726,2.0848360208671743
