UTC adjusted datetime Column,GPS_Latitude,GPS_Longitude,Mud Condition,Predicted Mud Condition
2025-01-17 14:44:57,-33.218292,116.06778,Unknown,1.680267863650643
2025-01-17 14:43:17,-33.218132,116.068977,Dry (70%),2.855473286200711
2025-01-17 14:38:17,-33.218094,116.069397,Unknown,1.4114213382768832
2025-01-17 14:36:37,-33.218014,116.069626,Unknown,2.97992611504541
2025-01-17 14:34:57,-33.217945,116.069656,Unknown,2.7101043034034435
2025-01-17 14:33:17,-33.218117,116.06929,Unknown,1.5219532942712917
2025-01-17 14:27:18,-33.218102,116.069168,Unknown,1.6133754661059871
2025-01-17 14:25:38,-33.21777,116.069725,Unknown,3.8888517986930227
2025-01-17 10:57:52,-33.217876,116.068375,Unknown,2.008086788386266
2025-01-17 10:57:32,-33.217793,116.06852,Unknown,2.371773091940196
2025-01-17 08:57:30,-33.216736,116.069527,Unknown,1.9626694244186562
2025-01-17 08:57:10,-33.216816,116.069389,Unknown,2.1977256151344617
2025-01-17 08:56:50,-33.2169,116.06926,Unknown,2.2628733088505877
2025-01-17 08:56:30,-33.21698,116.06913,Good Run (50%),2.4830756651228167
2025-01-17 08:56:10,-33.21706,116.068993,Unknown,1.8644222220573206
2025-01-17 08:55:50,-33.21714,116.068863,Unknown,1.7132799759981072
2025-01-17 08:55:30,-33.217213,116.068726,Good Run (50%),1.6907078315187678
2025-01-17 08:55:10,-33.217289,116.068588,Unknown,1.4297366529114197
2025-01-17 08:54:50,-33.217369,116.068459,Unknown,1.554576413052101
2025-01-17 08:54:30,-33.217449,116.068344,Unknown,1.4386804222453164
2025-01-17 08:54:10,-33.217522,116.068214,Unknown,1.129929566364971
2025-01-17 08:53:50,-33.217594,116.068077,Unknown,1.3824936386017856
2025-01-17 08:53:30,-33.217678,116.067955,Unknown,1.4145575892040987
2025-01-17 08:53:10,-33.217758,116.067802,Good Run (50%),1.3729716373743335
2025-01-17 08:52:50,-33.217857,116.067642,Water/Loose (10%),0.5467227319145342
2025-01-17 08:52:30,-33.217949,116.06749,Water/Loose (10%),0.34412512151861097
2025-01-17 08:52:05,-33.218067,116.067291,Good Run (50%),1.080457173043686
2025-01-17 08:51:40,-33.218193,116.067085,Unknown,1.2180012410066805
2025-01-17 08:51:15,-33.218327,116.066864,Unknown,1.1628959380552892
2025-01-17 08:50:50,-33.218445,116.066681,Unknown,1.6560410882146788
2025-01-17 08:50:00,-33.21841,116.066612,Unknown,0.20133679717994846
2025-01-17 08:49:35,-33.218315,116.066772,Unknown,0.23044015975901
2025-01-17 08:49:10,-33.21822,116.066925,Unknown,0.18829314742044656
2025-01-17 08:48:45,-33.218121,116.067093,Water/Loose (10%),0.3090383965199879
2025-01-17 08:48:20,-33.218025,116.067253,Unknown,0.2944379821268117
2025-01-17 08:47:30,-33.217888,116.06749,Unknown,0.17887043254238044
2025-01-17 08:47:05,-33.217773,116.067665,Unknown,0.7064893118060942
2025-01-17 08:46:40,-33.217663,116.067856,Unknown,0.7406745107109953
2025-01-17 08:46:15,-33.217552,116.068039,Unknown,0.972237089769747
2025-01-17 08:45:50,-33.217445,116.06823,Unknown,1.3030251181102699
2025-01-17 08:45:25,-33.217331,116.068413,Unknown,1.2557927533415105
2025-01-17 08:45:00,-33.217232,116.068581,Unknown,0.7824308554624113
2025-01-17 08:44:35,-33.217163,116.068695,Unknown,1.3939191141862968
2025-01-17 08:44:10,-33.217056,116.068886,Good Run (50%),1.3600908336228925
2025-01-17 08:43:45,-33.216957,116.069061,Unknown,1.3133538153235258
2025-01-17 08:43:20,-33.21685,116.069229,Unknown,1.1881640420497042
2025-01-17 08:42:55,-33.216743,116.069405,Good Run (50%),1.2635823370694275
2025-01-17 08:42:30,-33.216637,116.06958,Unknown,1.154527162343837
2025-01-17 08:41:40,-33.216652,116.069527,Unknown,1.0788079821484495
2025-01-17 08:41:15,-33.216751,116.069359,Unknown,1.8416112389332102
2025-01-17 08:40:50,-33.216862,116.069206,Unknown,2.1219759624996533
2025-01-17 08:40:25,-33.216961,116.069054,Unknown,2.0874158221375922
2025-01-17 08:40:00,-33.21706,116.068886,Unknown,1.5020505143427212
2025-01-17 08:39:35,-33.217155,116.06871,Unknown,1.3644910257724978
2025-01-17 08:39:10,-33.217258,116.06855,Unknown,1.3859866152756306
2025-01-17 08:38:45,-33.217358,116.068382,Unknown,1.3918131127539108
2025-01-17 08:38:20,-33.217457,116.068207,Unknown,1.2087926544155099
2025-01-17 08:37:55,-33.217556,116.068031,Unknown,1.2596016833645565
2025-01-17 08:37:30,-33.217655,116.067863,Unknown,0.4392691226542089
2025-01-17 08:37:05,-33.217743,116.067703,Unknown,0.4232855980409278
2025-01-17 08:36:15,-33.217896,116.067467,Unknown,0.37164695166049033
2025-01-17 08:35:50,-33.217999,116.067299,Unknown,1.0559682996475868
2025-01-17 08:35:25,-33.218117,116.067108,Unknown,1.0123135031235875
2025-01-17 08:35:00,-33.21822,116.06691,Unknown,0.32874090327123073
2025-01-17 08:34:35,-33.218342,116.066704,Unknown,1.125425978350372
2025-01-17 08:34:10,-33.218479,116.066483,Unknown,0.9598718359853129
2025-01-17 08:33:45,-33.218491,116.066338,Unknown,-0.349917851018934
2025-01-17 08:33:20,-33.218403,116.06649,Unknown,-0.382434680830285
2025-01-17 08:32:55,-33.218304,116.066658,Unknown,-0.07889085123111172
2025-01-17 08:32:30,-33.218208,116.066818,Unknown,0.12792289229378428
2025-01-17 08:32:05,-33.218117,116.066971,Unknown,0.3519677725661301
2025-01-17 08:31:40,-33.218025,116.067123,Unknown,0.12803941190424784
2025-01-17 08:31:15,-33.217941,116.067276,Unknown,0.16390836528588548
2025-01-17 08:30:50,-33.217854,116.067421,Unknown,-1.0465813594441742
2025-01-17 08:30:25,-33.217808,116.067505,Unknown,0.06692309772046512
2025-01-17 08:30:00,-33.21772,116.06765,Unknown,0.28577633709126293
2025-01-17 08:29:35,-33.217632,116.067802,Unknown,0.3680897501503706
2025-01-17 08:29:10,-33.217545,116.067947,Unknown,0.41639099296572923
2025-01-17 08:28:45,-33.217464,116.0681,Unknown,0.4164401890370679
2025-01-17 08:28:20,-33.217369,116.068253,Unknown,0.5246310821513516
2025-01-17 08:27:55,-33.21727,116.068413,Unknown,0.4013103441014019
2025-01-17 08:27:30,-33.217178,116.068573,Unknown,0.9456681894120704
2025-01-17 08:27:05,-33.217087,116.068726,Unknown,1.1324742031267732
2025-01-17 08:26:40,-33.217003,116.068886,Unknown,0.5930589667791331
2025-01-17 08:26:15,-33.216908,116.069038,Unknown,1.034391775811982
2025-01-17 08:25:50,-33.216846,116.069115,Unknown,-0.4582446319840203
2025-01-17 08:25:25,-33.216763,116.069275,Unknown,0.8934005090018913
2025-01-17 08:25:00,-33.216656,116.069435,Unknown,0.4692365375934682
2025-01-17 08:24:35,-33.216557,116.069595,Unknown,0.7660468689415467
2025-01-17 08:23:45,-33.216557,116.069603,Unknown,1.2248628549887286
2025-01-17 08:23:20,-33.216663,116.069443,Unknown,1.2650194580569636
2025-01-17 08:22:55,-33.216759,116.069275,Good Run (50%),1.3812183214088727
2025-01-17 08:22:30,-33.216854,116.069115,Good Run (50%),1.479796113813205
2025-01-17 08:22:05,-33.216953,116.068947,Good Run (50%),1.4079396264913768
2025-01-17 08:21:40,-33.217056,116.068771,Unknown,1.593206871447448
2025-01-17 08:21:15,-33.217144,116.068611,Good Run (50%),1.5040910321605274
2025-01-17 08:20:50,-33.217247,116.068443,Unknown,0.7660083454865907
2025-01-17 08:20:25,-33.217335,116.068275,Unknown,0.7522780441085464
2025-01-17 08:20:00,-33.217438,116.0681,Unknown,1.3312886672208428
2025-01-17 08:19:35,-33.217548,116.067932,Unknown,1.2996188681376737
2025-01-17 08:19:10,-33.217648,116.067772,Unknown,0.4289645377805211
2025-01-17 08:18:45,-33.217747,116.067596,Unknown,0.3477680301969881
2025-01-17 08:18:20,-33.21785,116.067421,Unknown,0.32277740251853215
2025-01-17 08:17:55,-33.217953,116.067238,Water/Loose (10%),0.277860097580902
2025-01-17 08:17:30,-33.218056,116.06707,Water/Loose (10%),0.3820065755820108
2025-01-17 08:17:05,-33.218159,116.066902,Water/Loose (10%),0.3740576858256417
2025-01-17 08:16:40,-33.218262,116.066734,Unknown,0.325991213607987
2025-01-17 08:16:15,-33.218365,116.066566,Water/Loose (10%),0.16933706962889694
2025-01-17 08:15:50,-33.21843,116.066467,Unknown,-0.6849742642179244
2025-01-17 08:15:25,-33.218513,116.066223,Unknown,0.032380274565106726
2025-01-17 08:13:20,-33.218525,116.06617,Unknown,-0.5840818180129372
2025-01-17 08:12:05,-33.218464,116.066277,Unknown,-0.4637416247313446
2025-01-17 08:11:40,-33.218357,116.06646,Unknown,-0.10616936806009392
2025-01-17 08:11:15,-33.21825,116.06665,Unknown,-0.08366393279708051
2025-01-17 08:10:50,-33.218151,116.066811,Unknown,0.22748941432485914
2025-01-17 08:10:25,-33.21806,116.066978,Unknown,0.15143632122254447
2025-01-17 08:10:00,-33.217957,116.067139,Unknown,0.2607059394996043
2025-01-17 08:09:35,-33.217857,116.067299,Unknown,0.2570044243768763
2025-01-17 08:09:10,-33.217766,116.067459,Unknown,0.23134388199610867
2025-01-17 08:08:45,-33.217663,116.067627,Unknown,0.3267773458662995
2025-01-17 08:08:20,-33.217575,116.067787,Unknown,0.266742043100759
2025-01-17 08:07:55,-33.21748,116.067932,Unknown,0.4021246017372766
2025-01-17 08:07:30,-33.217392,116.068085,Unknown,0.4848108859549183
2025-01-17 08:07:05,-33.217304,116.068245,Unknown,0.33558944306177985
2025-01-17 08:06:40,-33.217213,116.06839,Unknown,0.3677211969232499
2025-01-17 08:06:15,-33.217125,116.068535,Unknown,0.42905176178392
2025-01-17 08:05:50,-33.217033,116.068687,Unknown,0.5362458604385152
2025-01-17 08:05:25,-33.216942,116.068848,Unknown,1.100046470027284
2025-01-17 08:05:00,-33.216846,116.068993,Unknown,1.4315958017344907
2025-01-17 08:04:35,-33.216743,116.069168,Unknown,0.7187465806796136
2025-01-17 08:04:10,-33.21664,116.069344,Unknown,0.9063384562034686
2025-01-17 08:03:45,-33.216553,116.069489,Unknown,0.4126868485416335
2025-01-17 08:03:20,-33.216484,116.069611,Unknown,0.3021887239523293
2025-01-17 08:02:55,-33.216476,116.069618,Unknown,0.8571193781436284
2025-01-17 08:02:30,-33.216572,116.069466,Unknown,0.9434940727991135
2025-01-17 08:02:05,-33.216679,116.069305,Unknown,1.2523381185528042
2025-01-17 08:01:40,-33.216782,116.069115,Good Run (50%),2.4192264882481735
2025-01-17 08:01:15,-33.216888,116.068932,Unknown,2.09975828099533
2025-01-17 08:00:50,-33.217003,116.068741,Good Run (50%),1.320350741067567
2025-01-17 08:00:25,-33.217113,116.068542,Unknown,1.0961178828337703
2025-01-17 08:00:00,-33.217224,116.068359,Unknown,1.0608785348831806
2025-01-17 07:59:35,-33.217327,116.068199,Water/Loose (10%),0.7435170589099072
2025-01-17 07:58:45,-33.217514,116.067902,Unknown,1.2255727765009121
2025-01-17 07:58:20,-33.217628,116.06768,Good Run (50%),1.1435510095556225
2025-01-17 07:57:55,-33.217747,116.06749,Unknown,0.7783660534974266
2025-01-17 07:57:30,-33.217861,116.067284,Unknown,0.7668159621712063
2025-01-17 07:57:05,-33.217987,116.067085,Water/Loose (10%),0.5860358337973817
2025-01-17 07:56:40,-33.218105,116.066879,Water/Loose (10%),0.31274535348248755
2025-01-17 07:56:15,-33.218231,116.066673,Unknown,1.17801448797101
2025-01-17 07:55:50,-33.218365,116.066452,Unknown,0.7119143682751155
2025-01-17 07:55:25,-33.218445,116.066238,Unknown,-0.002244740888038388
2025-01-17 07:55:00,-33.218441,116.066154,Unknown,-0.1895789277479425
2025-01-17 07:54:35,-33.218346,116.066353,Unknown,-0.18313824916171706
2025-01-17 07:54:10,-33.218235,116.066544,Unknown,-0.1775213092837764
2025-01-17 07:53:45,-33.218132,116.066727,Unknown,0.1722763910143046
2025-01-17 07:53:20,-33.218033,116.066887,Unknown,0.13171869007357717
2025-01-17 07:52:55,-33.217934,116.067055,Unknown,0.2566029301063826
2025-01-17 07:52:30,-33.217846,116.0672,Unknown,0.08918725052418597
2025-01-17 07:52:05,-33.217754,116.06736,Unknown,0.2804602298363401
2025-01-17 07:51:40,-33.21767,116.067497,Unknown,0.32445229308403234
2025-01-17 07:51:15,-33.217594,116.067627,Unknown,0.5215721615794184
2025-01-17 07:50:50,-33.217495,116.067795,Unknown,0.46553475707290204
2025-01-17 07:50:25,-33.217392,116.067955,Unknown,1.3165463160245787
2025-01-17 07:50:00,-33.217293,116.06813,Unknown,1.3408569419083802
2025-01-17 07:49:10,-33.217182,116.068314,Unknown,1.2079233406198608
2025-01-17 07:48:45,-33.217091,116.068481,Unknown,0.6702153328762104
2025-01-17 07:48:20,-33.216984,116.068642,Unknown,0.9389339513772148
2025-01-17 07:47:55,-33.216896,116.068787,Unknown,0.7823718405473366
2025-01-17 07:47:30,-33.216869,116.06884,Unknown,1.5380637170797717
2025-01-17 07:47:05,-33.216766,116.069023,Unknown,1.3905357342183216
2025-01-17 07:46:40,-33.216663,116.069199,Unknown,1.2927121641398118
2025-01-17 07:46:15,-33.216549,116.069374,Unknown,1.2075027800885487
2025-01-17 07:45:50,-33.216442,116.069557,Unknown,0.6942339566877094
2025-01-17 07:45:00,-33.216454,116.069527,Good Run (50%),2.1682094333960875
2025-01-17 07:44:35,-33.216568,116.069336,Unknown,1.5119899678235527
2025-01-17 07:44:10,-33.216675,116.06916,Unknown,3.0100782017713654
2025-01-17 07:43:45,-33.216774,116.069,Good Run (50%),1.5909604009682208
2025-01-17 07:43:20,-33.216866,116.06884,Unknown,1.717264127930107
2025-01-17 07:42:55,-33.216957,116.068695,Unknown,1.4361601183661152
2025-01-17 07:42:30,-33.21706,116.068497,Unknown,1.3341730873913193
2025-01-17 07:42:05,-33.217171,116.068329,Unknown,1.775166822858623
2025-01-17 07:41:40,-33.217262,116.068153,Good Run (50%),1.5577151584686884
2025-01-17 07:41:15,-33.217377,116.067986,Good Run (50%),1.6644606376826503
2025-01-17 07:40:50,-33.217476,116.06781,Good Run (50%),1.4724650517231515
2025-01-17 07:40:25,-33.217583,116.067642,Unknown,1.2432743170978946
2025-01-17 07:40:00,-33.217682,116.067467,Water/Loose (10%),0.24075395498917196
2025-01-17 07:39:10,-33.217846,116.067192,Unknown,0.17394667275223497
2025-01-17 07:38:45,-33.217949,116.067024,Unknown,0.1993486034152807
2025-01-17 07:38:20,-33.21804,116.066879,Unknown,0.3023974942233878
2025-01-17 07:37:55,-33.218155,116.066673,Unknown,0.8208146239147043
2025-01-17 07:37:30,-33.218273,116.06646,Unknown,0.8438413272043024
2025-01-17 07:37:05,-33.218395,116.066231,Unknown,0.1957996483397466
2025-01-17 07:36:40,-33.218472,116.066025,Unknown,-0.1418416924438901
2025-01-17 07:35:50,-33.218365,116.0662,Unknown,-0.9599101612255696
2025-01-17 07:35:25,-33.218307,116.06633,Unknown,-1.151042762940425
2025-01-17 07:34:35,-33.218246,116.066437,Unknown,-0.1280476993428663
2025-01-17 07:34:10,-33.218109,116.066635,Unknown,0.17992845688349313
2025-01-17 07:33:45,-33.217999,116.066826,Unknown,0.323111455872916
2025-01-17 07:33:20,-33.217892,116.067009,Unknown,0.26691046951922837
2025-01-17 07:32:55,-33.217789,116.067177,Unknown,0.1682923482646257
2025-01-17 07:32:30,-33.217693,116.067345,Unknown,0.19989922678118233
2025-01-17 07:32:05,-33.217594,116.06752,Unknown,0.4688835393994677
2025-01-17 07:31:40,-33.217484,116.067711,Unknown,0.7441921511704663
2025-01-17 07:31:15,-33.217377,116.067902,Unknown,0.39127787643404255
2025-01-17 07:30:50,-33.217258,116.068077,Unknown,0.7073178533762736
2025-01-17 07:30:25,-33.217148,116.068268,Unknown,0.7217081051274783
2025-01-17 07:30:00,-33.217037,116.068451,Unknown,1.0808053888054698
2025-01-17 07:29:35,-33.216927,116.068626,Unknown,0.9102474304223227
2025-01-17 07:29:10,-33.216824,116.068802,Unknown,1.1353009340773883
2025-01-17 07:28:45,-33.216724,116.06897,Unknown,1.3829138067895856
2025-01-17 07:28:20,-33.216629,116.069145,Unknown,1.1459948283356076
2025-01-17 07:27:55,-33.216522,116.069321,Unknown,0.531814991727769
2025-01-17 07:27:30,-33.216427,116.069473,Unknown,0.4239036063830617
2025-01-17 07:27:05,-33.216335,116.069618,Unknown,0.6635584965765136
2025-01-17 07:26:15,-33.216415,116.069496,Water/Loose (10%),0.7555990614915
2025-01-17 07:25:50,-33.216518,116.069321,Unknown,1.1984797490732406
2025-01-17 07:25:25,-33.216618,116.069153,Unknown,1.4191736319507733
2025-01-17 07:25:00,-33.216709,116.069,Unknown,1.3107942192486384
2025-01-17 07:24:35,-33.216812,116.068825,Good Run (50%),1.4344598692427688
2025-01-17 07:23:20,-33.216877,116.068703,Unknown,1.3478714555107303
2025-01-17 07:22:55,-33.216999,116.068497,Good Run (50%),1.4923321129221856
2025-01-17 07:22:30,-33.217129,116.068283,Unknown,1.1466047398180974
2025-01-17 07:22:05,-33.217247,116.068069,Unknown,1.2981971819036229
2025-01-17 07:21:40,-33.217369,116.067863,Unknown,1.436511269740837
2025-01-17 07:21:15,-33.217491,116.067665,Unknown,1.3086879740094806
2025-01-16 16:02:02,-33.216057,116.06144,Unknown,0.800305834846345
2025-01-16 16:00:22,-33.216293,116.062111,Unknown,1.44972754616836
2025-01-16 15:58:42,-33.2169,116.062874,Unknown,1.601886267903986
2025-01-16 15:55:22,-33.217857,116.064117,Unknown,0.5878491714323328
2025-01-16 15:53:42,-33.218121,116.06443,Unknown,1.216044651053302
2025-01-16 15:52:02,-33.218262,116.064682,Unknown,0.10523900573671274
2025-01-16 15:50:22,-33.218414,116.065224,Unknown,-0.8689941259513927
2025-01-16 15:48:42,-33.218407,116.06591,Unknown,-1.3309913183891018
2025-01-16 15:47:02,-33.21814,116.066422,Unknown,-1.0597394880471205
2025-01-16 15:45:22,-33.217804,116.066986,Unknown,0.11960439899315034
2025-01-16 15:43:42,-33.21759,116.067375,Unknown,-0.25002174490069873
2025-01-16 15:42:02,-33.217247,116.067947,Unknown,0.07784128624888909
2025-01-16 15:40:22,-33.216873,116.068558,Unknown,0.8845895160694799
2025-01-16 15:38:42,-33.216557,116.069077,Unknown,0.9393896766696666
2025-01-16 15:32:02,-33.217072,116.068222,Unknown,2.3159741331055965
2025-01-16 15:30:22,-33.217556,116.067406,Unknown,0.8541864276348385
2025-01-16 15:25:22,-33.217918,116.066689,Unknown,0.25669724483202216
2025-01-16 15:23:42,-33.217365,116.067612,Good Run (50%),1.5368888698819303
2025-01-16 15:22:02,-33.216892,116.06842,Unknown,1.2415996278304184
2025-01-16 15:20:22,-33.216385,116.069275,Good Run (50%),1.3927109129553876
2025-01-16 15:18:42,-33.216221,116.069565,Unknown,0.46521162752267364
2025-01-16 15:17:02,-33.216255,116.069458,Water/Loose (10%),0.28692091143570453
2025-01-16 15:15:22,-33.216366,116.069298,Unknown,0.8899086679025348
2025-01-16 15:13:42,-33.216057,116.069565,Unknown,0.8545930970269833
2025-01-16 15:12:02,-33.216248,116.069366,Good Run (50%),1.257575264405871
2025-01-16 15:08:42,-33.216564,116.06897,Unknown,0.8527959720687281
2025-01-16 15:07:02,-33.215965,116.06958,Unknown,-0.6084554842514867
2025-01-16 15:05:22,-33.216579,116.068939,Unknown,1.0684268493418114
2025-01-16 15:03:42,-33.216255,116.069191,Unknown,1.1126583446492893
2025-01-16 15:02:02,-33.215969,116.069489,Unknown,0.8907995501626043
2025-01-16 15:00:22,-33.21645,116.068985,Unknown,-0.2720504038478433
2025-01-16 14:58:42,-33.216755,116.068596,Unknown,1.174373559753883
2025-01-16 14:57:02,-33.216068,116.069321,Unknown,0.3194034114053954
2025-01-16 14:52:02,-33.216251,116.069107,Water/Loose (10%),-0.02527764645875563
2025-01-16 14:50:22,-33.216839,116.068512,Water/Loose (10%),0.6506036424044532
2025-01-16 14:48:42,-33.21669,116.068581,Unknown,0.9568126761337821
2025-01-16 14:47:02,-33.215935,116.069366,Good Run (50%),1.6066926601138094
2025-01-16 14:45:22,-33.215954,116.069328,Unknown,0.7627659640921751
2025-01-16 14:43:42,-33.216587,116.06868,Unknown,0.5794357249085826
2025-01-16 14:40:22,-33.216511,116.068695,Unknown,1.5568103479642947
2025-01-16 14:38:42,-33.215832,116.069366,Unknown,0.7347108617298632
2025-01-16 14:37:02,-33.216103,116.069107,Water/Loose (10%),0.005808875160192795
2025-01-16 14:35:22,-33.216717,116.068474,Good Run (50%),2.3766011316398363
2025-01-16 14:34:24,-33.217087,116.0681,Good Run (50%),1.4292560470439255
2025-01-16 14:30:36,-33.217045,116.068047,Unknown,0.4025502166417614
2025-01-16 14:28:56,-33.216419,116.06871,Unknown,0.9303638016597942
2025-01-16 14:27:16,-33.21579,116.069344,Unknown,0.6783729429233947
2025-01-16 14:25:36,-33.215923,116.069206,Water/Loose (10%),0.3665641516677778
2025-01-16 14:24:29,-33.216351,116.068764,Water/Loose (10%),0.5360434275741031
2025-01-16 14:18:08,-33.216244,116.068787,Unknown,0.02663294087968704
2025-01-16 14:16:28,-33.215626,116.069405,Water/Loose (10%),-0.005521097047121781
2025-01-16 14:14:48,-33.215954,116.069099,Water/Loose (10%),0.35382191916666916
2025-01-16 14:13:08,-33.216568,116.068459,Unknown,0.7924662876406943
2025-01-16 14:12:09,-33.216923,116.068085,Unknown,0.9341856929267405
2025-01-16 14:11:44,-33.217091,116.067917,Unknown,0.9770688142341455
2025-01-16 14:11:19,-33.217255,116.067741,Unknown,1.0264707204374672
2025-01-16 14:10:54,-33.217407,116.067581,Good Run (50%),1.130087688131066
2025-01-16 14:10:29,-33.217525,116.06739,Unknown,-1.1125021798264236
2025-01-16 14:10:04,-33.217415,116.067513,Unknown,0.26522405163840035
2025-01-16 14:09:39,-33.217285,116.06765,Unknown,0.6203862865171743
2025-01-16 14:09:14,-33.217152,116.067787,Unknown,1.1252262011327243
2025-01-16 14:08:49,-33.216953,116.067978,Unknown,1.2105790937996717
2025-01-16 14:08:24,-33.216766,116.068169,Unknown,0.6203862865171743
2025-01-16 14:07:34,-33.21674,116.068207,Unknown,1.6022355173266538
2025-01-16 14:07:09,-33.216534,116.068413,Unknown,1.20841726913094
2025-01-16 14:06:44,-33.216328,116.068619,Unknown,1.0441764984351318
2025-01-16 14:06:19,-33.216137,116.06881,Unknown,1.012679776418056
2025-01-16 14:05:54,-33.215942,116.069008,Unknown,1.192890855000669
2025-01-16 14:05:29,-33.215767,116.069183,Good Run (50%),0.7717188275310893
2025-01-16 14:05:04,-33.215607,116.069382,Good Run (50%),0.8924631669315051
2025-01-16 14:04:14,-33.215488,116.069481,Sticky (30%),1.1860107733144802
2025-01-16 14:03:49,-33.215622,116.069336,Water/Loose (10%),0.018029524258076357
2025-01-16 14:03:24,-33.215775,116.069168,Water/Loose (10%),0.0052639107533858365
2025-01-16 14:02:59,-33.215878,116.069077,Unknown,0.22707503924825012
2025-01-16 14:02:34,-33.215919,116.069031,Unknown,-0.1449650090108512
2025-01-16 14:02:09,-33.215977,116.068962,Unknown,-0.1932687661139476
2025-01-16 14:01:44,-33.216057,116.068893,Unknown,-0.3499721105997837
2025-01-16 14:01:19,-33.216125,116.068817,Water/Loose (10%),-0.10429198613358981
2025-01-16 14:00:54,-33.216225,116.06871,Water/Loose (10%),0.22711325426596063
2025-01-16 14:00:29,-33.216373,116.068558,Water/Loose (10%),0.313365739730469
2025-01-16 14:00:04,-33.21653,116.068398,Good Run (50%),1.3841250071689197
2025-01-16 13:59:39,-33.21669,116.068245,Good Run (50%),1.265163414468143
2025-01-16 13:59:14,-33.216839,116.068077,Good Run (50%),1.164913165663091
2025-01-16 13:58:49,-33.216991,116.067917,Unknown,0.8504529337417077
2025-01-16 13:58:24,-33.217152,116.067757,Good Run (50%),1.2127568743767185
2025-01-16 13:57:59,-33.2173,116.067596,Good Run (50%),1.1935729050274735
2025-01-16 13:57:34,-33.217476,116.067444,Unknown,0.7981480353279655
2025-01-16 13:57:09,-33.21759,116.067268,Water/Loose (10%),0.0763772531250122
2025-01-16 13:56:44,-33.21772,116.067078,Water/Loose (10%),0.045695770046662476
2025-01-16 13:56:19,-33.217815,116.066902,Unknown,-0.15073697001371356
2025-01-16 13:55:54,-33.217941,116.066681,Unknown,-0.186387843232235
2025-01-16 13:55:29,-33.218075,116.06646,Water/Loose (10%),-0.16641643894853253
2025-01-16 13:55:04,-33.218208,116.066254,Unknown,-0.37989386024034966
2025-01-16 13:54:39,-33.218327,116.066025,Water/Loose (10%),-0.28205036262177563
2025-01-16 13:54:14,-33.21838,116.065804,Water/Loose (10%),-0.4928621516661291
2025-01-16 13:53:49,-33.218445,116.065559,Water/Loose (10%),-0.18022341246606643
2025-01-16 13:53:24,-33.218452,116.065361,Water/Loose (10%),0.10953653739301328
2025-01-16 13:52:59,-33.21843,116.06517,Unknown,0.07643238607896397
2025-01-16 13:52:34,-33.218391,116.065018,Unknown,1.9153975091764124
2025-01-16 13:52:09,-33.218342,116.064903,Unknown,2.073289441162062
2025-01-16 13:51:44,-33.218307,116.064827,Unknown,1.4067889212732556
2025-01-16 13:51:19,-33.218277,116.064758,Sticky (30%),1.1216910063651206
2025-01-16 13:50:29,-33.218201,116.064621,Unknown,1.997020933160332
2025-01-16 13:50:04,-33.218182,116.06456,Unknown,1.8620300193954562
2025-01-16 13:49:39,-33.218128,116.064453,Unknown,2.4302399305328644
2025-01-16 13:49:14,-33.218071,116.064369,Unknown,2.6449431380709236
2025-01-16 13:47:09,-33.218033,116.064323,Unknown,0.8185782579645746
2025-01-16 13:46:19,-33.217945,116.064232,Unknown,1.6111704114994563
2025-01-16 13:45:54,-33.217899,116.064171,Sticky (30%),1.0913794331098798
2025-01-16 13:44:21,-33.217537,116.063683,Good Run (50%),1.4617547240246611
2025-01-16 13:42:41,-33.216988,116.062973,Unknown,2.0439746984736975
2025-01-16 13:41:01,-33.216541,116.062416,Unknown,2.679341123924846
2025-01-15 16:02:42,-33.216095,116.061691,Unknown,2.0532770147831467
2025-01-15 16:01:02,-33.216747,116.06266,Unknown,2.058967508713491
2025-01-15 15:59:22,-33.217453,116.063568,Unknown,2.366532319872361
2025-01-15 15:57:42,-33.21796,116.064232,Unknown,1.4695209979787078
2025-01-15 15:56:02,-33.21822,116.064621,Unknown,1.4656837121580961
2025-01-15 15:54:22,-33.218391,116.065239,Unknown,1.5076393012643785
2025-01-15 15:52:42,-33.218063,116.06572,Unknown,-1.0247994531143316
2025-01-15 15:51:02,-33.217133,116.065689,Unknown,3.1228768326739518
2025-01-15 15:49:22,-33.216267,116.065666,Unknown,2.737399111320319
2025-01-15 15:47:42,-33.215389,116.065689,Dry (70%),3.3181155636486284
2025-01-15 15:46:02,-33.214794,116.066208,Super Dry (90%),3.4994148583654603
2025-01-15 15:44:22,-33.215008,116.066116,Super Dry (90%),3.8969288802997517
2025-01-15 15:42:42,-33.215637,116.065628,Good Run (50%),2.142199714383504
2025-01-15 15:41:02,-33.215134,116.066078,Super Dry (90%),3.89569927405406
2025-01-15 15:39:22,-33.214947,116.066238,Super Dry (90%),3.302703988712785
2025-01-15 15:37:42,-33.214893,116.066376,Dry (70%),2.9684263872015215
2025-01-15 15:36:02,-33.215454,116.06588,Dry (70%),3.5306670008127665
2025-01-15 15:34:22,-33.215572,116.065857,Dry (70%),3.161865735714813
2025-01-15 15:32:42,-33.214981,116.066376,Super Dry (90%),3.3551602276785104
2025-01-15 15:31:02,-33.21505,116.066353,Super Dry (90%),3.7746328001881455
2025-01-15 15:29:22,-33.21553,116.065933,Unknown,2.196460929801831
2025-01-15 15:27:42,-33.215809,116.065773,Dry (70%),2.7545073425839552
2025-01-15 15:26:02,-33.215134,116.066353,Super Dry (90%),3.8173325173007537
2025-01-15 15:24:22,-33.214874,116.06665,Dry (70%),3.162335567587827
2025-01-15 15:22:42,-33.215225,116.066353,Super Dry (90%),3.645116563583625
2025-01-15 15:21:02,-33.215778,116.065895,Dry (70%),3.2500168949479056
2025-01-15 15:19:22,-33.215847,116.065933,Dry (70%),3.2309588138817866
2025-01-15 15:17:42,-33.215153,116.066475,Super Dry (90%),4.198765947326421
2025-01-15 15:16:02,-33.214958,116.066673,Dry (70%),3.784850662649358
2025-01-15 15:14:22,-33.215233,116.066505,Unknown,3.765246153193607
2025-01-15 15:12:42,-33.215839,116.065979,Unknown,2.846315467361787
2025-01-15 15:11:02,-33.216084,116.065849,Unknown,2.380564812141311
2025-01-15 15:09:22,-33.215317,116.066513,Dry (70%),3.7827232813731086
2025-01-15 15:07:42,-33.214966,116.066849,Super Dry (90%),4.162161732757072
2025-01-15 15:06:02,-33.215382,116.066559,Unknown,3.5601457442128273
2025-01-15 15:04:22,-33.216007,116.06601,Dry (70%),3.078548078916394
2025-01-15 15:02:42,-33.216419,116.065742,Good Run (50%),1.4148832066405026
2025-01-15 15:01:02,-33.215588,116.06646,Dry (70%),3.1005157235844174
2025-01-15 14:59:22,-33.214931,116.067024,Super Dry (90%),4.049981896124992
2025-01-15 14:57:42,-33.215214,116.066856,Unknown,3.4336974425737887
2025-01-15 14:56:02,-33.215797,116.066353,Unknown,3.3692910790442374
2025-01-15 14:54:22,-33.216492,116.065758,Good Run (50%),1.2520180598322397
2025-01-15 14:52:42,-33.216045,116.066223,Dry (70%),3.5577443284226713
2025-01-15 14:51:02,-33.21537,116.066803,Dry (70%),3.7072987883849473
2025-01-15 14:49:22,-33.215031,116.067108,Unknown,2.325200816991645
2025-01-15 14:47:42,-33.215363,116.066895,Unknown,2.7072860625671824
2025-01-15 14:46:02,-33.215958,116.066376,Unknown,3.8224629860482793
2025-01-15 14:44:22,-33.21661,116.065819,Unknown,1.6879769064486112
2025-01-15 14:42:42,-33.216541,116.065956,Unknown,2.332718110081087
2025-01-15 14:41:02,-33.215794,116.066597,Dry (70%),3.36043877792964
2025-01-15 14:39:22,-33.215046,116.067261,Unknown,2.751276154091515
2025-01-15 14:37:42,-33.215355,116.067078,Dry (70%),2.702296023375381
2025-01-15 14:36:02,-33.216015,116.066498,Dry (70%),3.154373690134107
2025-01-15 14:20:59,-33.216324,116.066483,Dry (70%),3.4530021187822824
2025-01-15 14:20:08,-33.215973,116.066772,Dry (70%),3.690344189496047
2025-01-15 14:19:16,-33.215614,116.067101,Unknown,3.9609287309341545
2025-01-15 14:18:26,-33.215237,116.067429,Unknown,1.9484559774901515
2025-01-15 14:17:36,-33.215206,116.067459,Unknown,2.5494640218121853
2025-01-15 14:15:54,-33.215126,116.067604,Good Run (50%),2.084013214536377
2025-01-15 14:15:04,-33.215431,116.067337,Unknown,2.6852402584484913
2025-01-15 14:14:14,-33.215759,116.067055,Dry (70%),3.1054885105281587
2025-01-15 14:13:24,-33.216114,116.066757,Dry (70%),3.4239942667363232
2025-01-15 14:12:34,-33.216473,116.066437,Dry (70%),3.411619465973925
2025-01-15 14:11:44,-33.216808,116.066147,Unknown,2.5588487610147013
2025-01-15 14:10:54,-33.217133,116.065857,Good Run (50%),2.1550338146010946
2025-01-15 14:10:04,-33.217484,116.065712,Good Run (50%),2.038478099016567
2025-01-15 14:09:14,-33.21777,116.06572,Unknown,1.8046150816269197
2025-01-15 14:08:23,-33.218166,116.065742,Unknown,0.06287935478367968
2025-01-15 14:07:31,-33.218628,116.065735,Water/Loose (10%),-0.6636038925408658
2025-01-15 14:06:41,-33.218872,116.065636,Unknown,1.7063763336042919
2025-01-15 14:05:51,-33.218948,116.065422,Unknown,0.5795881915401497
2025-01-15 14:05:01,-33.218948,116.065239,Sticky (30%),0.9149395133416185
2025-01-15 14:04:11,-33.218903,116.065056,Unknown,1.0375993555146545
2025-01-15 14:03:21,-33.218842,116.06485,Good Run (50%),1.7380378099971843
2025-01-15 14:01:41,-33.218632,116.064468,Unknown,1.9679050759855983
2025-01-15 14:00:51,-33.218433,116.064186,Unknown,1.3112549330363832
2025-01-15 14:00:01,-33.218216,116.063904,Good Run (50%),1.519306850749829
2025-01-15 13:59:11,-33.217937,116.063568,Unknown,2.4611933891750013
2025-01-15 13:58:21,-33.217602,116.063164,Good Run (50%),1.9430479910753176
2025-01-15 13:57:31,-33.217289,116.062767,Unknown,2.599728539165607
2025-01-15 13:56:41,-33.216969,116.062378,Unknown,2.6157037149330984
2025-01-15 13:55:51,-33.216637,116.061966,Dry (70%),3.0605519258048783
2025-01-15 13:55:01,-33.21632,116.061562,Unknown,2.587885059463515
2025-01-15 13:54:11,-33.216095,116.061279,Unknown,3.9863682038967703
2025-01-15 11:34:07,-33.217297,116.065887,Unknown,1.2050859882748277
2025-01-15 11:09:41,-33.215397,116.067619,Unknown,0.5268459915547057
2025-01-15 11:09:16,-33.215275,116.067749,Unknown,1.0210065237415766
2025-01-15 11:08:51,-33.215153,116.067856,Unknown,1.5620202538423582
2025-01-15 11:08:26,-33.215157,116.067856,Unknown,2.9997178897805874
2025-01-15 11:08:01,-33.215332,116.067696,Unknown,2.4920033303239695
2025-01-15 11:07:36,-33.215508,116.067543,Unknown,2.6334488121618223
2025-01-15 11:07:11,-33.215672,116.067398,Unknown,2.4666086577558692
2025-01-15 11:06:46,-33.215828,116.067284,Dry (70%),3.1674259172428814
2025-01-15 11:06:21,-33.215977,116.067146,Unknown,2.6781060406516044
2025-01-15 11:05:56,-33.216133,116.067017,Dry (70%),3.2748666253299814
2025-01-15 11:05:31,-33.216312,116.066856,Good Run (50%),1.9625317583733488
2025-01-15 11:05:06,-33.216465,116.066711,Good Run (50%),2.46357699551713
2025-01-15 11:04:41,-33.216602,116.066589,Unknown,1.372543009116959
2025-01-15 11:04:16,-33.216774,116.066429,Good Run (50%),1.690290699115438
2025-01-15 11:03:51,-33.21693,116.066299,Good Run (50%),1.3880578766371754
2025-01-15 11:03:26,-33.217068,116.066185,Good Run (50%),1.8246672099158536
2025-01-15 11:03:01,-33.217197,116.066086,Unknown,2.5657874100917644
2025-01-15 11:02:36,-33.217255,116.066025,Sticky (30%),1.04826738487079
2025-01-15 11:02:11,-33.217369,116.065918,Unknown,2.371219183383704
2025-01-15 11:01:46,-33.217461,116.065826,Unknown,1.229518156166022
2025-01-15 11:01:21,-33.217548,116.065781,Unknown,1.2048844547793203
2025-01-15 11:00:56,-33.21769,116.065765,Unknown,1.5097435868455154
2025-01-15 11:00:31,-33.217644,116.065788,Good Run (50%),1.5675701448976884
2025-01-15 11:00:06,-33.217484,116.06591,Good Run (50%),1.412146086178368
2025-01-15 10:59:41,-33.217327,116.06604,Unknown,0.7767342413208793
2025-01-15 10:59:16,-33.217175,116.066162,Unknown,0.909073780081264
2025-01-15 10:58:51,-33.21701,116.066299,Unknown,0.8728412215143104
2025-01-15 10:58:26,-33.216858,116.066444,Unknown,1.469016455897231
2025-01-15 10:58:01,-33.21669,116.066605,Unknown,2.0175853676987217
2025-01-15 10:57:36,-33.216518,116.06675,Unknown,1.7211981762893942
2025-01-15 10:57:11,-33.216347,116.066887,Unknown,1.2190531471285944
2025-01-15 10:56:46,-33.216171,116.067039,Unknown,1.199480328290377
2025-01-15 10:56:21,-33.216003,116.067184,Unknown,1.6387565788317189
2025-01-15 10:55:56,-33.215843,116.067322,Unknown,1.2625657345600128
2025-01-15 10:55:31,-33.215691,116.067451,Unknown,1.1216220903422078
2025-01-15 10:55:06,-33.21553,116.067589,Unknown,1.1426506317306386
2025-01-15 10:54:41,-33.215385,116.067726,Unknown,1.3075338266459884
2025-01-15 10:54:16,-33.215237,116.067848,Unknown,0.844318093411603
2025-01-15 10:53:26,-33.215157,116.067924,Unknown,1.2037941784080584
2025-01-15 10:53:01,-33.215305,116.06781,Unknown,1.9934101747698674
2025-01-15 10:52:36,-33.215382,116.067734,Unknown,0.7571360021923952
2025-01-15 10:52:11,-33.215515,116.067612,Good Run (50%),1.5681404995318915
2025-01-15 10:51:46,-33.215641,116.06749,Good Run (50%),1.7689919749184206
2025-01-15 10:51:21,-33.215778,116.067383,Unknown,1.7621208910862505
2025-01-15 10:50:56,-33.215893,116.067284,Unknown,1.759739516355973
2025-01-15 10:50:31,-33.216019,116.067169,Unknown,1.6600543468519982
2025-01-15 10:50:06,-33.216137,116.067047,Good Run (50%),1.8614544871348182
2025-01-15 10:49:41,-33.216286,116.066933,Unknown,1.3383472557189726
2025-01-15 10:49:16,-33.216427,116.066818,Unknown,2.303153057323131
2025-01-15 10:48:51,-33.216568,116.066696,Good Run (50%),2.3415458299945193
2025-01-15 10:48:26,-33.216702,116.066582,Good Run (50%),2.030762884670765
2025-01-15 10:48:01,-33.216831,116.066452,Unknown,1.702765846535946
2025-01-15 10:47:36,-33.216953,116.066345,Water/Loose (10%),0.3605080670547731
2025-01-15 10:47:11,-33.21706,116.066246,Unknown,0.7201146577658859
2025-01-15 10:46:46,-33.217178,116.066139,Unknown,0.10855375441177073
2025-01-15 10:46:21,-33.217281,116.066048,Unknown,0.06889038076621001
2025-01-15 10:45:56,-33.217365,116.065971,Unknown,0.4644192106930791
2025-01-15 10:45:31,-33.217422,116.065933,Unknown,0.8469986896598758
2025-01-15 10:45:06,-33.217518,116.065842,Unknown,1.6511039782260837
2025-01-15 10:44:41,-33.217632,116.065765,Unknown,3.5170910109000992
2025-01-15 10:44:16,-33.217731,116.065765,Unknown,-1.807700157234168
2025-01-15 10:43:51,-33.217705,116.065773,Unknown,-1.9807708419550347
2025-01-15 10:43:26,-33.217606,116.065842,Unknown,1.0984951754877157
2025-01-15 10:43:01,-33.217484,116.065964,Unknown,1.1803537222767528
2025-01-15 10:42:36,-33.21735,116.066071,Water/Loose (10%),0.6307732258195182
2025-01-15 10:42:11,-33.21722,116.066193,Water/Loose (10%),0.24028090257437684
2025-01-15 10:41:46,-33.217087,116.066315,Unknown,1.4611902273571586
2025-01-15 10:41:21,-33.216927,116.066429,Unknown,1.3474421050859142
2025-01-15 10:40:56,-33.216778,116.066551,Unknown,1.1339166642161689
2025-01-15 10:40:31,-33.216625,116.066681,Unknown,0.9765280560150953
2025-01-15 10:40:06,-33.216473,116.066818,Unknown,0.9002034957771141
2025-01-15 10:39:41,-33.216331,116.06694,Unknown,1.4287376915278238
2025-01-15 10:39:16,-33.216183,116.06707,Unknown,1.0990599791028284
2025-01-15 10:38:51,-33.216045,116.067192,Good Run (50%),1.362266183436803
2025-01-15 10:38:26,-33.215919,116.067314,Unknown,1.5109760537439465
2025-01-15 10:38:01,-33.215786,116.067429,Unknown,1.2601374246324584
2025-01-15 10:37:36,-33.215656,116.067543,Good Run (50%),1.4390290507234342
2025-01-15 10:37:11,-33.215523,116.067673,Unknown,1.2138141379667586
2025-01-15 10:36:46,-33.215393,116.06778,Unknown,1.3590522112520147
2025-01-15 10:36:21,-33.215248,116.067902,Unknown,0.5855622422599884
2025-01-15 10:35:56,-33.215134,116.068024,Unknown,0.03089491411403844
2025-01-15 10:35:31,-33.215206,116.06794,Unknown,1.6189771896929872
2025-01-15 10:35:06,-33.215378,116.067772,Unknown,2.5671814576481236
2025-01-15 10:34:41,-33.215557,116.067612,Good Run (50%),2.089314264119049
2025-01-15 10:34:16,-33.215717,116.067467,Unknown,2.618983444256723
2025-01-15 10:33:51,-33.215889,116.067299,Dry (70%),3.27824344894294
2025-01-15 10:33:26,-33.216084,116.067146,Unknown,2.9418129583525614
2025-01-15 10:33:01,-33.21627,116.066986,Dry (70%),2.9842899696655873
2025-01-15 10:32:36,-33.216431,116.066856,Good Run (50%),1.577226206024368
2025-01-15 10:32:11,-33.21661,116.066711,Good Run (50%),1.5201545263669913
2025-01-15 10:31:46,-33.21677,116.066559,Good Run (50%),2.0032657543507257
2025-01-15 10:31:21,-33.216934,116.066437,Good Run (50%),1.7627590119528886
2025-01-15 10:30:56,-33.217064,116.066307,Good Run (50%),1.362512691276956
2025-01-15 10:30:31,-33.217228,116.066162,Unknown,0.9858673877546471
2025-01-15 10:30:06,-33.217361,116.06604,Unknown,0.962630973545596
2025-01-15 10:29:41,-33.217464,116.065948,Sticky (30%),0.6314303164536421
2025-01-15 10:29:16,-33.217602,116.065826,Unknown,1.1176118759515126
2025-01-15 10:28:51,-33.217728,116.065742,Unknown,2.2923730933804305
2025-01-15 10:28:26,-33.217789,116.065735,Unknown,1.2239155009308433
2025-01-15 10:28:01,-33.217667,116.065857,Water/Loose (10%),0.29129763909703876
2025-01-15 10:27:36,-33.217514,116.065979,Unknown,0.09282997487150646
2025-01-15 10:27:11,-33.217342,116.066132,Unknown,0.9178236068793775
2025-01-15 10:26:46,-33.217213,116.066261,Unknown,0.7538549424364134
2025-01-15 10:26:21,-33.217049,116.066383,Unknown,1.1336873302234958
2025-01-15 10:25:56,-33.216892,116.066528,Unknown,0.8833636213143825
2025-01-15 10:25:31,-33.216743,116.066673,Unknown,1.3916478423085565
2025-01-15 10:25:06,-33.216587,116.066795,Unknown,1.5096092823281833
2025-01-15 10:24:41,-33.216438,116.06694,Unknown,1.4405107700902762
2025-01-15 10:24:16,-33.216286,116.067055,Unknown,1.3335790421956848
2025-01-15 10:23:51,-33.216148,116.067192,Unknown,1.2322961933207481
2025-01-15 10:23:01,-33.215927,116.067375,Unknown,1.3101025947503877
2025-01-15 10:22:36,-33.215748,116.067535,Unknown,1.3988829822072892
2025-01-15 10:22:11,-33.215591,116.06768,Good Run (50%),1.8490835111290165
2025-01-15 10:21:46,-33.215424,116.067818,Unknown,1.9164613941775146
2025-01-15 10:21:21,-33.215252,116.06797,Unknown,1.0519125582335587
2025-01-15 09:53:14,-33.217842,116.065781,Unknown,0.1086350641678393
2025-01-15 09:51:34,-33.217224,116.06633,Unknown,0.640454146438211
2025-01-15 09:49:54,-33.216614,116.066849,Unknown,1.2823541194686443
2025-01-15 09:48:14,-33.215992,116.067398,Unknown,1.5044571076177864
2025-01-15 09:46:34,-33.215378,116.067955,Unknown,1.4936622586044495
2025-01-15 09:44:54,-33.215446,116.067871,Dry (70%),3.3795139458258916
2025-01-15 09:43:14,-33.216206,116.067207,Unknown,2.4751986034985256
2025-01-15 09:41:34,-33.216972,116.066551,Unknown,1.5112485548177736
2025-01-15 09:39:54,-33.217571,116.066017,Good Run (50%),1.0380933143845734
2025-01-15 09:38:14,-33.217934,116.065727,Unknown,0.8055159189435732
2025-01-15 09:34:54,-33.217506,116.066177,Unknown,0.8260479392573177
2025-01-15 09:33:14,-33.216915,116.066704,Unknown,1.2192961491173513
2025-01-15 09:31:34,-33.21632,116.067215,Unknown,0.9252111469050961
2025-01-15 09:29:54,-33.215771,116.067703,Unknown,-1.064124403535756
2025-01-15 09:28:14,-33.215275,116.068146,Unknown,0.4704797107193186
2025-01-15 09:26:34,-33.215584,116.067856,Good Run (50%),1.3651709006802488
2025-01-15 09:24:54,-33.216209,116.067314,Good Run (50%),2.136196482095195
2025-01-15 09:23:14,-33.216808,116.06678,Good Run (50%),2.2310255470493288
2025-01-15 09:21:34,-33.217484,116.066193,Unknown,0.8754345335803149
2025-01-15 09:19:54,-33.218075,116.065735,Unknown,-0.43735226580404785
2025-01-15 09:18:14,-33.218094,116.06575,Unknown,-0.8277184902089978
2025-01-15 09:16:34,-33.217621,116.066147,Unknown,0.5302997566542393
2025-01-15 09:14:54,-33.217007,116.066666,Unknown,1.041402325848626
2025-01-15 09:13:14,-33.216396,116.067207,Unknown,1.26463720493939
2025-01-14 16:23:03,-33.215931,116.061226,Unknown,0.08239656375179072
2025-01-14 16:21:23,-33.216095,116.061165,Unknown,0.9165702187002505
2025-01-14 16:16:23,-33.216648,116.06179,Unknown,1.296926363714876
2025-01-14 16:14:43,-33.217228,116.062523,Unknown,1.2918740115481948
2025-01-14 16:13:03,-33.217983,116.063408,Unknown,2.4682479943424123
2025-01-14 16:11:23,-33.218277,116.063782,Unknown,1.7981222023304584
2025-01-14 16:09:43,-33.217621,116.062981,Unknown,1.7899001226999087
2025-01-14 16:08:03,-33.217022,116.062225,Unknown,2.036979774517813
2025-01-14 16:06:23,-33.216438,116.061516,Unknown,0.16055013204726087
2025-01-14 16:04:43,-33.216427,116.061409,Unknown,1.535187416360545
2025-01-14 15:59:43,-33.217365,116.062546,Unknown,0.9145350567677806
2025-01-14 15:58:03,-33.217834,116.063118,Good Run (50%),1.267749418359324
2025-01-14 15:56:23,-33.218178,116.06353,Good Run (50%),1.5210138481326465
2025-01-14 15:54:43,-33.218468,116.06411,Sticky (30%),1.2143461523513008
2025-01-14 15:53:03,-33.21854,116.064781,Unknown,2.810032154830416
2025-01-14 15:51:23,-33.218704,116.065155,Unknown,1.0848518498470936
2025-01-14 15:49:43,-33.218689,116.065155,Unknown,-0.1043584286178394
2025-01-14 15:46:23,-33.218861,116.064941,Unknown,2.6113030584323145
2025-01-14 15:44:43,-33.219055,116.064827,Sticky (30%),1.5376322391512558
2025-01-14 15:43:03,-33.219131,116.064766,Unknown,1.8115457807924498
2025-01-14 15:41:23,-33.219131,116.064766,Unknown,2.648654104849423
2025-01-14 15:39:43,-33.219013,116.064865,Unknown,1.4709853494835468
2025-01-14 15:38:03,-33.218803,116.065079,Unknown,1.1302254024259129
2025-01-14 15:36:23,-33.218491,116.065453,Unknown,0.1437247294774937
2025-01-14 15:34:43,-33.218147,116.065605,Unknown,0.5888064099657264
2025-01-14 15:31:23,-33.216961,116.065575,Unknown,1.68507232378521
2025-01-14 15:29:43,-33.216484,116.065544,Good Run (50%),2.068795722022047
2025-01-14 15:28:03,-33.215748,116.065231,Unknown,1.3536190092944347
2025-01-14 15:26:23,-33.215195,116.064995,Unknown,1.665297246085497
2025-01-14 15:24:43,-33.214607,116.064743,Unknown,2.7299735662522036
2025-01-14 15:23:03,-33.214588,116.064728,Unknown,2.4826487738791774
2025-01-14 15:19:43,-33.214912,116.064819,Unknown,2.629045907497125
2025-01-14 15:18:03,-33.215576,116.065086,Unknown,1.2523428254118811
2025-01-14 15:16:23,-33.216244,116.065369,Unknown,0.5295886709561426
2025-01-14 15:14:43,-33.216583,116.065514,Good Run (50%),1.2208575432172106
2025-01-14 15:13:03,-33.215851,116.065208,Good Run (50%),2.0300892295272703
2025-01-14 15:12:29,-33.215614,116.065109,Unknown,1.543213928095587
2025-01-14 15:10:49,-33.215099,116.064903,Super Dry (90%),3.7392529932936855
2025-01-14 15:09:59,-33.214802,116.064781,Unknown,3.0007355433569796
2025-01-14 15:09:09,-33.214577,116.064667,Unknown,2.0406914818601343
2025-01-14 15:07:29,-33.21452,116.064636,Unknown,1.8122830022500982
2025-01-14 15:04:09,-33.214722,116.064758,Unknown,2.188917981001653
2025-01-14 15:03:19,-33.214699,116.064735,Super Dry (90%),3.6547065749037415
2025-01-14 15:02:29,-33.214535,116.064583,Unknown,2.1345615737863493
2025-01-14 15:00:49,-33.21455,116.06459,Unknown,2.1968615011534443
2025-01-14 14:59:59,-33.214832,116.064728,Unknown,2.0844156860861762
2025-01-14 14:59:09,-33.215122,116.064842,Unknown,1.7684148736724152
2025-01-14 14:58:19,-33.215424,116.064957,Unknown,1.4164395462553072
2025-01-14 14:57:29,-33.215717,116.065094,Unknown,0.8031231258800899
2025-01-14 14:56:39,-33.216022,116.065224,Unknown,0.9063572551080492
2025-01-14 14:55:49,-33.21627,116.065323,Unknown,1.2302031773836488
2025-01-14 14:54:59,-33.216633,116.065491,Unknown,0.9525361212222054
2025-01-14 14:53:19,-33.216648,116.065491,Unknown,1.2954954688770601
2025-01-14 14:52:29,-33.216362,116.065361,Unknown,0.8979860810659741
2025-01-14 14:51:39,-33.216057,116.065239,Unknown,1.4048983068043293
2025-01-14 14:50:49,-33.215729,116.065102,Good Run (50%),1.3410392689569925
2025-01-14 14:49:08,-33.21508,116.064827,Unknown,3.120084736853441
2025-01-14 12:45:29,-33.215988,116.06115,Unknown,-1.2153691728742082
2025-01-14 12:43:49,-33.215969,116.061256,Unknown,1.760186914610584
2025-01-14 12:40:29,-33.216541,116.06192,Unknown,2.4530455741545003
2025-01-14 12:38:49,-33.217113,116.06263,Unknown,2.431714884915995
2025-01-14 12:37:09,-33.217899,116.063622,Unknown,2.317627940935642
2025-01-14 12:35:29,-33.218433,116.064346,Unknown,1.248207494681373
2025-01-14 12:33:49,-33.218597,116.064804,Unknown,1.2866473961394136
2025-01-14 12:32:09,-33.218712,116.065216,Unknown,0.3963773710774896
2025-01-14 12:27:09,-33.218769,116.065178,Unknown,-0.017155902506623022
2025-01-14 12:25:29,-33.218304,116.065643,Water/Loose (10%),0.15470649799281055
2025-01-14 12:23:49,-33.217785,116.065613,Good Run (50%),1.5341814243853502
2025-01-14 12:20:09,-33.217266,116.06559,Unknown,0.6679101300449415
2025-01-14 12:19:44,-33.217152,116.065559,Unknown,0.2847444441092126
2025-01-14 12:19:19,-33.217072,116.065514,Unknown,1.2050753001045513
2025-01-14 12:18:54,-33.216896,116.06543,Unknown,1.2638707403075196
2025-01-14 12:18:29,-33.216724,116.065361,Unknown,1.0838472035096722
2025-01-14 12:18:04,-33.216553,116.065277,Unknown,1.1259914556305417
2025-01-14 12:17:39,-33.216393,116.065216,Unknown,1.331565832523641
2025-01-14 12:17:14,-33.216267,116.065147,Unknown,0.42646344797543945
2025-01-14 12:16:49,-33.21616,116.065109,Good Run (50%),1.8013185887117513
2025-01-14 12:16:24,-33.215977,116.065025,Good Run (50%),1.3840342138818709
2025-01-14 12:15:59,-33.215797,116.064941,Good Run (50%),2.031405081878739
2025-01-14 12:15:34,-33.21563,116.064873,Unknown,1.8848178902618888
2025-01-14 12:15:09,-33.215466,116.064812,Good Run (50%),2.041632974160859
2025-01-14 12:14:44,-33.215317,116.064766,Unknown,2.5160558903304264
2025-01-14 12:14:19,-33.215187,116.064713,Unknown,2.167144776644069
2025-01-14 12:13:54,-33.215069,116.064651,Unknown,2.4569426966084933
2025-01-14 12:13:04,-33.214828,116.064537,Unknown,2.747172491004306
2025-01-14 12:12:39,-33.214668,116.064453,Unknown,1.507111708132485
2025-01-14 12:12:14,-33.214542,116.0644,Unknown,1.7196317366017917
2025-01-14 12:11:24,-33.214573,116.06443,Unknown,3.354288848638382
2025-01-14 12:10:34,-33.214516,116.064407,Unknown,0.46680847980633966
2025-01-14 12:08:54,-33.214512,116.064407,Unknown,2.1832028651479423
2025-01-14 12:08:29,-33.214661,116.064468,Unknown,0.5194932903459741
2025-01-14 12:08:04,-33.214634,116.064461,Unknown,1.4689099579861202
2025-01-14 12:07:39,-33.214516,116.064415,Unknown,1.6041205313537086
2025-01-14 09:02:05,-33.217823,116.065506,Good Run (50%),2.098270757065128
2025-01-14 09:00:25,-33.217705,116.065453,Unknown,1.54402919413072
2025-01-14 08:59:35,-33.217289,116.065269,Unknown,2.1571600392359525
2025-01-14 08:58:45,-33.216827,116.065079,Good Run (50%),1.632265571061253
2025-01-14 08:57:52,-33.216385,116.064873,Good Run (50%),2.2279882259055808
2025-01-14 08:57:32,-33.216221,116.064796,Dry (70%),3.195356742019424
2025-01-14 08:57:12,-33.216057,116.06472,Good Run (50%),2.136604828309521
2025-01-14 08:56:52,-33.215935,116.064674,Unknown,3.2010331377361245
2025-01-14 08:56:32,-33.215805,116.064613,Dry (70%),4.1170935054389926
2025-01-14 08:56:12,-33.215664,116.064545,Super Dry (90%),3.5216965077056495
2025-01-14 08:55:52,-33.215515,116.064484,Dry (70%),3.6528289944200334
2025-01-14 08:55:32,-33.21537,116.064423,Unknown,2.977165546672904
2025-01-14 08:55:12,-33.215233,116.064369,Dry (70%),3.7954733678198287
2025-01-14 08:54:52,-33.215096,116.064308,Unknown,2.7980207183698047
2025-01-14 08:54:32,-33.214966,116.064262,Unknown,2.934721099026963
2025-01-14 08:54:12,-33.214844,116.064201,Unknown,2.4187894025330308
2025-01-14 08:53:52,-33.214737,116.064125,Super Dry (90%),3.8488321558887257
2025-01-14 08:53:32,-33.214645,116.064026,Unknown,3.380179559124932
2025-01-14 08:52:32,-33.214661,116.064041,Super Dry (90%),3.7801208264690587
2025-01-14 08:52:12,-33.214775,116.064087,Dry (70%),3.562528739508681
2025-01-14 08:51:52,-33.21492,116.064171,Unknown,2.727206934381276
2025-01-14 08:51:32,-33.215054,116.06424,Unknown,2.8362648798850847
2025-01-14 08:51:12,-33.215195,116.064293,Unknown,2.6023590475658582
2025-01-14 08:50:52,-33.215332,116.064354,Unknown,3.100779596000457
2025-01-14 08:50:32,-33.215469,116.064407,Good Run (50%),2.599863066243517
2025-01-14 08:45:53,-33.217525,116.0653,Unknown,1.1375292777529273
2025-01-14 08:45:33,-33.217667,116.065361,Unknown,1.0690150720155174
2025-01-14 08:45:13,-33.217812,116.065407,Unknown,1.0156065451062362
2025-01-14 08:41:34,-33.216972,116.065048,Good Run (50%),2.160864753570329
2025-01-14 08:41:14,-33.216816,116.06498,Unknown,1.9141586116491802
2025-01-14 08:38:55,-33.215881,116.064575,Unknown,2.121058983657941
2025-01-14 08:36:36,-33.21513,116.06427,Unknown,3.126174216412402
2025-01-14 08:36:16,-33.215088,116.06424,Unknown,2.6992056466606686
2025-01-14 08:28:59,-33.215816,116.064484,Dry (70%),3.129627444350545
2025-01-14 08:28:39,-33.215988,116.064552,Unknown,2.669624132446161
2025-01-14 08:26:20,-33.217098,116.065033,Good Run (50%),1.3966359391096612
2025-01-14 08:24:01,-33.218079,116.06546,Unknown,0.8635388704485805
2025-01-14 08:21:22,-33.217278,116.065132,Unknown,1.2369745528988942
2025-01-14 08:19:03,-33.216293,116.064697,Unknown,2.5537054934422883
2025-01-14 08:18:43,-33.216156,116.064636,Good Run (50%),2.2244391171956552
2025-01-14 08:14:05,-33.215168,116.064224,Unknown,4.222247263214234
2025-01-14 08:00:50,-33.215446,116.06427,Unknown,2.741944960369903
2025-01-14 08:00:30,-33.215595,116.064331,Unknown,2.6176132559343492
2025-01-14 08:00:10,-33.21574,116.0644,Dry (70%),3.3671943234690493
2025-01-14 07:59:50,-33.215969,116.064491,Unknown,2.55619613433763
2025-01-14 07:59:30,-33.216167,116.064606,Unknown,2.318106030780325
2025-01-14 07:59:10,-33.216381,116.064697,Unknown,2.442429440497099
2025-01-14 07:58:50,-33.216576,116.064781,Unknown,1.9121571569841285
2025-01-14 07:58:30,-33.21677,116.064865,Dry (70%),3.190800130409325
2025-01-14 07:58:10,-33.216965,116.064949,Unknown,2.699297956438344
2025-01-14 07:57:30,-33.217239,116.065071,Good Run (50%),2.2629380561266523
2025-01-14 07:57:10,-33.21743,116.065163,Unknown,0.9250920370079128
2025-01-14 07:51:30,-33.217533,116.065201,Unknown,0.25892527328878945
2025-01-14 07:51:10,-33.217686,116.065269,Unknown,0.7718897515644314
2025-01-14 07:50:50,-33.217819,116.065315,Unknown,0.9056123698616776
2025-01-14 07:50:30,-33.217968,116.065376,Unknown,0.6935248407153032
2025-01-14 07:50:10,-33.218029,116.06543,Unknown,-0.0450246136897432
2025-01-14 07:49:50,-33.218128,116.065544,Unknown,1.1117804504272832
2025-01-14 07:49:30,-33.218231,116.065643,Unknown,-0.22324769313035153
2025-01-14 07:48:50,-33.218353,116.065697,Unknown,0.35359930519012983
2025-01-14 07:48:30,-33.218243,116.06572,Unknown,0.37000265889005113
2025-01-14 07:48:10,-33.218185,116.065735,Unknown,0.6150754341781419
2025-01-14 07:47:50,-33.218239,116.065689,Unknown,0.6739876465522161
2025-01-14 07:47:30,-33.218277,116.065613,Unknown,0.02854970313992866
2025-01-14 07:46:50,-33.218342,116.065498,Unknown,0.5538068202220094
2025-01-14 07:46:30,-33.218399,116.065407,Unknown,-0.03984453235028984
2025-01-14 07:46:10,-33.218445,116.065361,Unknown,0.711454042235895
2025-01-14 07:45:50,-33.218521,116.065331,Unknown,0.3294177349923695
2025-01-14 07:45:10,-33.218586,116.0653,Unknown,-0.05675290060167715
2025-01-14 07:44:50,-33.218643,116.065308,Unknown,0.27720405900430056
2025-01-14 07:44:30,-33.218704,116.065315,Sticky (30%),0.5977465304274507
2025-01-13 16:19:34,-33.216156,116.061447,Unknown,2.106484048866418
2025-01-13 16:18:44,-33.216095,116.061737,Water/Loose (10%),0.2408790790609654
2025-01-13 16:17:54,-33.215961,116.06208,Unknown,1.1026025769524352
2025-01-13 16:17:04,-33.215939,116.062439,Unknown,2.7932983545735
2025-01-13 16:16:14,-33.216137,116.062683,Unknown,1.235458935211581
2025-01-13 16:15:24,-33.216305,116.062897,Unknown,1.3871052025266621
2025-01-13 16:14:34,-33.216446,116.063087,Unknown,0.7845319921165301
2025-01-13 16:13:44,-33.216583,116.063255,Unknown,1.4676469962105776
2025-01-13 16:12:54,-33.216751,116.063454,Unknown,0.45905936265590763
2025-01-13 16:12:04,-33.216942,116.063675,Unknown,-0.17243637065950113
2025-01-13 16:11:14,-33.21714,116.063927,Water/Loose (10%),-0.23374746297573212
2025-01-13 16:10:24,-33.217422,116.064285,Good Run (50%),1.525689957926229
2025-01-13 16:09:34,-33.217621,116.064529,Sticky (30%),0.9074416008421038
2025-01-13 16:08:44,-33.217739,116.064674,Unknown,0.8901332637784818
2025-01-13 16:07:04,-33.217934,116.064972,Unknown,1.4665901409528874
2025-01-13 16:05:24,-33.218143,116.065308,Unknown,-1.0873162650669306
2025-01-13 16:04:34,-33.218243,116.065521,Unknown,-1.3833473959961031
2025-01-13 16:03:44,-33.218357,116.06572,Unknown,-1.3690030112860314
2025-01-13 16:02:54,-33.218452,116.065948,Unknown,-1.4610383452034799
2025-01-13 16:02:04,-33.218452,116.066277,Unknown,-0.5348412942071028
2025-01-13 16:01:14,-33.218384,116.066864,Unknown,1.6106998050221457
2025-01-13 16:00:24,-33.218323,116.067307,Unknown,1.0719033923488162
2025-01-13 15:55:24,-33.218246,116.067635,Unknown,1.0670891370377527
2025-01-13 15:54:34,-33.218014,116.068024,Unknown,1.1137561723561902
2025-01-13 15:53:44,-33.217804,116.068405,Good Run (50%),1.5459092843618327
2025-01-13 15:52:54,-33.217598,116.068748,Unknown,1.3556103522603196
2025-01-13 15:52:04,-33.217403,116.069077,Unknown,1.4757899733557145
2025-01-13 15:51:14,-33.217209,116.069405,Unknown,1.358252660798271
2025-01-13 15:50:24,-33.217072,116.069641,Super Dry (90%),4.1933775311476715
2025-01-13 15:49:34,-33.217304,116.069237,Dry (70%),2.9639541442332686
2025-01-13 15:48:44,-33.21756,116.068802,Dry (70%),2.865721826973348
2025-01-13 15:47:54,-33.217831,116.068344,Unknown,2.4991985679232287
2025-01-13 15:47:04,-33.218113,116.067863,Good Run (50%),1.3938002137785441
2025-01-13 15:46:14,-33.21833,116.067406,Good Run (50%),1.999064749040246
2025-01-13 15:45:24,-33.218121,116.067741,Unknown,1.4781565393166647
2025-01-13 15:44:34,-33.217854,116.068207,Unknown,0.9803351401317053
2025-01-13 15:43:44,-33.217602,116.068634,Unknown,1.5499323074214695
2025-01-13 15:42:54,-33.217346,116.069061,Unknown,1.6289730533148792
2025-01-13 15:42:04,-33.217113,116.069466,Unknown,2.4179838935435374
2025-01-13 15:41:14,-33.217026,116.069603,Unknown,1.830840129242434
2025-01-13 15:40:24,-33.217239,116.069252,Unknown,2.539728784056127
2025-01-13 15:39:34,-33.217472,116.068855,Unknown,2.5950090731836744
2025-01-13 15:38:44,-33.217747,116.06839,Unknown,1.9572412366855367
2025-01-13 15:37:54,-33.218033,116.067894,Unknown,1.2067952551747252
2025-01-13 15:37:04,-33.21833,116.067413,Unknown,2.3720376286483433
2025-01-13 15:36:14,-33.218208,116.067482,Unknown,1.081971116148544
2025-01-13 15:35:24,-33.217945,116.067932,Unknown,1.4061635751970805
2025-01-13 15:34:34,-33.217697,116.068359,Unknown,2.16952499801833
2025-01-13 15:33:44,-33.217434,116.068802,Unknown,2.2073405664907946
2025-01-13 15:32:54,-33.217182,116.069237,Unknown,2.378861176274108
2025-01-13 15:32:04,-33.216942,116.069649,Unknown,2.2951970132303936
2025-01-13 15:31:14,-33.217129,116.069336,Dry (70%),3.117291112513776
2025-01-13 15:30:24,-33.217403,116.068878,Dry (70%),3.198323510502479
2025-01-13 15:29:34,-33.217655,116.068413,Unknown,2.569116243799669
2025-01-13 15:28:44,-33.217922,116.06794,Unknown,1.368604281525196
2025-01-13 15:27:54,-33.218216,116.067497,Unknown,1.0931524433005808
2025-01-13 15:26:14,-33.218147,116.067459,Unknown,0.6039147134287559
2025-01-13 15:25:24,-33.217918,116.067841,Unknown,0.666518073652917
2025-01-13 15:24:34,-33.217686,116.068214,Unknown,1.185812620184322
2025-01-13 15:23:44,-33.21748,116.068581,Unknown,1.3937262071656364
2025-01-13 15:22:54,-33.217239,116.068977,Unknown,1.5346883975174368
2025-01-13 15:22:04,-33.21701,116.069405,Unknown,1.2320025461605204
2025-01-13 15:21:14,-33.216923,116.069542,Unknown,2.1305058242674253
2025-01-13 15:20:24,-33.217148,116.069168,Super Dry (90%),3.6723658004802955
2025-01-13 15:19:34,-33.217411,116.068703,Unknown,2.202336582932958
2025-01-13 15:18:44,-33.217682,116.068245,Unknown,2.041725305604528
2025-01-13 15:17:54,-33.217972,116.06778,Unknown,1.4305388434570259
2025-01-13 15:17:04,-33.21825,116.067299,Unknown,0.883806932572319
2025-01-13 15:16:14,-33.218296,116.067123,Unknown,1.5694824494980102
2025-01-13 15:15:24,-33.217968,116.067665,Unknown,1.0310770636976974
2025-01-13 15:14:34,-33.217636,116.068237,Unknown,1.9415432463050724
2025-01-13 15:13:44,-33.217293,116.068802,Dry (70%),2.710415097574975
2025-01-13 15:12:54,-33.216988,116.069336,Dry (70%),3.1227869449548287
2025-01-13 15:12:04,-33.216797,116.069664,Unknown,2.58160968952001
2025-01-13 15:11:14,-33.217045,116.06926,Unknown,2.4480331307407424
2025-01-13 15:10:24,-33.21727,116.068848,Unknown,2.525799086967465
2025-01-13 15:09:34,-33.217545,116.068398,Unknown,1.6555611201434823
2025-01-13 15:08:44,-33.217827,116.067924,Unknown,1.038886539294137
2025-01-13 15:07:54,-33.218098,116.067459,Unknown,0.5798002619012315
2025-01-13 15:07:04,-33.21838,116.066994,Good Run (50%),1.2057173561129473
2025-01-13 15:06:14,-33.218212,116.067162,Unknown,0.8099591424754269
2025-01-13 15:05:24,-33.217926,116.067627,Good Run (50%),0.9291830303796675
2025-01-13 15:04:34,-33.217655,116.068092,Unknown,0.9034672278116735
2025-01-13 15:03:44,-33.217388,116.068558,Unknown,1.5797083074266005
2025-01-13 15:02:54,-33.217094,116.069038,Unknown,2.0777284208432114
2025-01-13 15:02:04,-33.216805,116.069534,Unknown,2.228366530222766
2025-01-13 15:01:14,-33.216888,116.069397,Unknown,2.506308385164183
2025-01-13 15:00:24,-33.217167,116.068932,Good Run (50%),1.913274843789203
2025-01-13 14:59:34,-33.217449,116.068459,Unknown,1.6261572641828557
2025-01-13 14:58:44,-33.217724,116.067978,Unknown,0.8596507932798727
2025-01-13 14:57:54,-33.218006,116.067513,Unknown,0.5514008557073247
2025-01-13 14:57:04,-33.218296,116.067032,Unknown,0.9124386977723085
2025-01-13 14:56:14,-33.218365,116.066803,Unknown,1.3336368486073544
2025-01-13 14:55:24,-33.218021,116.06736,Unknown,1.1957650066079633
2025-01-13 14:54:34,-33.217693,116.06794,Unknown,2.1143538767963217
2025-01-13 14:53:44,-33.217361,116.068504,Unknown,2.069856551956079
2025-01-13 14:52:54,-33.217045,116.069023,Unknown,2.3598345370038407
2025-01-13 14:52:04,-33.216747,116.069527,Unknown,1.4529314828055961
2025-01-13 14:51:14,-33.21685,116.069351,Unknown,1.8225759647510127
2025-01-13 14:50:24,-33.217133,116.068893,Good Run (50%),1.9990705131430988
2025-01-13 14:49:34,-33.217396,116.068428,Unknown,1.5026446454149402
2025-01-13 14:48:44,-33.217644,116.068008,Unknown,1.3626192193518376
2025-01-13 14:47:54,-33.217884,116.067612,Unknown,0.06943795015381315
2025-01-13 14:47:04,-33.218109,116.067223,Unknown,0.4307479674658512
2025-01-13 14:46:14,-33.218369,116.066795,Unknown,1.015660390265447
2025-01-13 14:45:24,-33.218372,116.066673,Unknown,1.016898107027512
2025-01-13 14:42:54,-33.218208,116.06694,Unknown,0.06100844289073182
2025-01-13 14:42:04,-33.217995,116.067284,Unknown,-0.01916552074442257
2025-01-13 14:41:14,-33.217804,116.067612,Unknown,0.10595398522849209
2025-01-13 14:40:24,-33.217613,116.067932,Unknown,0.45478461741258736
2025-01-13 14:38:44,-33.217331,116.06842,Unknown,1.0048923862970707
2025-01-13 14:37:54,-33.217072,116.068855,Unknown,1.555973712029529
2025-01-13 14:37:04,-33.216801,116.06929,Unknown,1.5601594649804933
2025-01-13 14:36:14,-33.216614,116.069611,Good Run (50%),1.960322860866582
2025-01-13 14:35:24,-33.216869,116.069206,Unknown,2.107136782397351
2025-01-13 14:34:34,-33.21711,116.068787,Unknown,1.89333843119598
2025-01-13 14:33:44,-33.21735,116.06839,Unknown,0.8614004789853957
2025-01-13 14:32:54,-33.217594,116.067947,Unknown,0.6306055424991575
2025-01-13 14:32:04,-33.217827,116.067589,Unknown,0.20105866972682684
2025-01-13 14:31:14,-33.218067,116.0672,Unknown,0.17756524868276347
2025-01-13 14:30:24,-33.218304,116.066795,Unknown,0.41295465832393186
2025-01-13 14:28:44,-33.218185,116.066872,Unknown,1.0029541304116412
2025-01-13 14:27:54,-33.217922,116.067337,Unknown,0.5373532736730477
2025-01-13 14:27:04,-33.217659,116.067772,Unknown,0.7803427425615563
2025-01-13 14:26:14,-33.217381,116.06823,Unknown,1.5606245339872615
2025-01-13 14:25:24,-33.217117,116.068665,Unknown,1.008915284809684
2025-01-13 14:24:34,-33.216877,116.069069,Unknown,1.1225313156779742
2025-01-13 14:23:44,-33.216637,116.069473,Unknown,0.9815114867428992
2025-01-13 14:22:54,-33.216644,116.069458,Unknown,1.8163827961732106
2025-01-13 14:22:04,-33.216915,116.069008,Unknown,1.6260845537386432
2025-01-13 14:21:22,-33.217133,116.068634,Unknown,1.207861078779707
2025-01-13 14:19:42,-33.217628,116.067802,Unknown,0.2509377782799791
2025-01-13 14:18:02,-33.21809,116.067032,Unknown,0.109215099594834
2025-01-13 14:16:22,-33.218464,116.066292,Water/Loose (10%),-0.3181806802482652
2025-01-13 14:14:42,-33.218021,116.067039,Unknown,-0.056921510650922436
2025-01-13 14:13:02,-33.217628,116.067703,Water/Loose (10%),0.23970611029532773
2025-01-13 14:11:22,-33.217209,116.068405,Unknown,0.35275865637811976
2025-01-13 14:09:42,-33.21677,116.069138,Unknown,1.0746517104870696
2025-01-13 14:08:02,-33.216606,116.06942,Unknown,1.0386469727136154
2025-01-13 13:11:58,-33.21751,116.063171,Unknown,2.8859204069302065
2025-01-13 13:10:18,-33.216839,116.062347,Dry (70%),2.9914696833248056
2025-01-13 13:08:38,-33.216217,116.061508,Unknown,2.517892860906299
2025-01-13 10:29:08,-33.217426,116.067314,Unknown,1.2013690882452903
2025-01-13 08:53:14,-33.216209,116.067726,Water/Loose (10%),0.38590493449507135
2025-01-13 08:49:54,-33.216805,116.067215,Unknown,1.0709975883536167
2025-01-13 08:49:04,-33.216545,116.067474,Unknown,0.25459715299215246
2025-01-13 08:48:14,-33.216274,116.067749,Unknown,0.5109176987751949
2025-01-13 08:47:24,-33.215992,116.068039,Unknown,1.2323198693595834
2025-01-13 08:39:05,-33.217464,116.066605,Good Run (50%),1.9725238801797365
2025-01-13 08:36:36,-33.217312,116.066757,Unknown,1.5968916438144054
2025-01-13 08:35:13,-33.216557,116.067535,Unknown,2.1539837061857607
2025-01-13 08:34:40,-33.216263,116.067833,Good Run (50%),1.4120894306270864
2025-01-13 08:33:17,-33.215633,116.068497,Good Run (50%),1.496822347858831
2025-01-13 08:25:49,-33.21793,116.066162,Unknown,0.7671252548512475
2025-01-13 08:07:38,-33.216438,116.067825,Unknown,2.311734883932027
2025-01-13 08:07:18,-33.21627,116.067986,Unknown,2.651780032867474
2025-01-13 08:06:58,-33.216129,116.068138,Unknown,1.4046972852233193
2025-01-13 08:02:40,-33.216106,116.068153,Good Run (50%),2.166539415320745
2025-01-13 08:02:20,-33.216244,116.068008,Unknown,2.2135228689306707
2025-01-13 08:02:00,-33.216373,116.067871,Unknown,1.8253360853086418
