Column1,DateTime,Default GPS,VaneSize,Depth,ShearStrenght,Result,TSF,Comments,Attachments,MachineID,Operator,Instrument,CorrectionFactor,Created,Title,Manual GPS,Modified
Amrun,17/01/2025 8:18,"-12.94828687, 141.64065592",20x40,100,110,110,North Cell,"Left side 12.94615° S, 141.63963° E",0,MM43,Joe Johanson,H-60,1,17/01/2025 8:18,VS,,17/01/2025 8:18
Amrun,17/01/2025 8:17,"-12.94828687, 141.64065592",20x40,20,20,20,North Cell,"Left side 12.94615° S, 141.63963° E",0,MM43,Joe Johanson,H-60,1,17/01/2025 8:17,VS,,17/01/2025 8:17
Amrun,17/01/2025 8:17,"-12.94828687, 141.64065592",20x40,50,14,14,North Cell,"Left side 12.94615° S, 141.63963° E",0,MM43,Joe Johanson,H-60,1,17/01/2025 8:18,VS,,17/01/2025 8:18
Amrun,17/01/2025 8:16,"-12.94614954, 141.63963398",20x40,20,20,20,North Cell,"Right side 12.94615° S, 141.63963° E",0,MM43,Joe Johanson,H-60,1,17/01/2025 8:16,VS,,17/01/2025 8:16
Amrun,17/01/2025 8:16,"-12.94614954, 141.63963398",20x40,50,20,20,North Cell,"Right side 12.94615° S, 141.63963° E",0,MM43,Joe Johanson,H-60,1,17/01/2025 8:16,VS,,17/01/2025 8:16
Amrun,17/01/2025 8:16,"-12.94828687, 141.64065592",20x40,100,140,140,North Cell,"Right side could not penertate 12.94615° S, 141.63963° E",0,MM43,Joe Johanson,H-60,1,17/01/2025 8:17,VS,,17/01/2025 8:17
Amrun,17/01/2025 8:15,"-12.94614954, 141.63963398",20x40,20,14,14,North Cell,"Scroll line 12.94615° S, 141.63963° E",0,MM43,Joe Johanson,H-60,1,17/01/2025 8:15,VS,,17/01/2025 8:15
Amrun,17/01/2025 8:15,"-12.94614954, 141.63963398",20x40,50,50,50,North Cell,"Scroll line 12.94615° S, 141.63963° E",0,MM43,Joe Johanson,H-60,1,17/01/2025 8:15,VS,,17/01/2025 8:15
Amrun,17/01/2025 8:15,"-12.94614954, 141.63963398",20x40,100,140,140,North Cell,"Scroll line could not penetrate 12.94615° S, 141.63963° E",0,MM43,Joe Johanson,H-60,1,17/01/2025 8:16,VS,,17/01/2025 8:16
Amrun,14/01/2025 9:45,"-12.94320356, 141.63950838",20x40,50,66,66,North Cell,"Left side 15.70506° S, 142.97070° E",0,MM43,Joe Johanson,H-60,1,14/01/2025 9:45,VS,,14/01/2025 9:45
Amrun,14/01/2025 9:45,"-12.94320356, 141.63950838",20x40,100,140,140,North Cell,"Left side could not penetrate 15.70506° S, 142.97070° E",0,MM43,Joe Johanson,H-60,1,14/01/2025 9:45,VS,,14/01/2025 9:45
Amrun,14/01/2025 9:44,"-12.94320356, 141.63950838",20x40,100,140,140,North Cell,"Right side 15.70506° S, 142.97070° E",0,MM43,Joe Johanson,H-60,1,14/01/2025 9:44,VS,,14/01/2025 9:44
Amrun,14/01/2025 9:44,"-12.94320356, 141.63950838",20x40,20,14,14,North Cell,"Left side 15.70506° S, 142.97070° E",0,MM43,Joe Johanson,H-60,1,14/01/2025 9:45,VS,,14/01/2025 9:45
Amrun,14/01/2025 9:43,"-12.94320356, 141.63950838",20x40,20,20,20,North Cell,"Right side 15.70506° S, 142.97070° E",0,MM43,Joe Johanson,H-60,1,14/01/2025 9:43,VS,,14/01/2025 9:43
Amrun,14/01/2025 9:43,"-12.94320356, 141.63950838",20x40,50,42,42,North Cell,"Right side 15.70506° S, 142.97070° E",0,MM43,Joe Johanson,H-60,1,14/01/2025 9:44,VS,,14/01/2025 9:44
Amrun,14/01/2025 9:42,"-12.94320356, 141.63950838",20x40,50,140,140,North Cell,"Scroll line could not penetrate 15.70506° S, 142.97070° E",0,MM43,Joe Johanson,H-60,1,14/01/2025 9:42,VS,,14/01/2025 9:42
Amrun,14/01/2025 9:42,"-12.94320356, 141.63950838",20x40,100,140,140,North Cell,"Scroll line could not penetrate 15.70506° S, 142.97070° E",0,MM43,Joe Johanson,H-60,1,14/01/2025 9:43,VS,,14/01/2025 9:43
Amrun,14/01/2025 9:41,"-12.94320356, 141.63950838",20x40,20,50,50,North Cell,"Scroll line 15.70506° S, 142.97070° E",0,MM43,Joe Johanson,H-60,1,14/01/2025 9:42,VS,,14/01/2025 9:42
Amrun,13/01/2025 14:02,"-12.9449792, 141.63961328",20x40,100,94,94,North Cell,"Left side 12.94498° S, 141.63964° E",0,MM43,Joe Johanson,H-60,1,13/01/2025 14:02,VS,,13/01/2025 14:02
Amrun,13/01/2025 14:01,"-12.9449792, 141.63961328",20x40,100,58,58,North Cell,"Right side 12.94498° S, 141.63964° E",0,MM43,Joe Johanson,H-60,1,13/01/2025 14:01,VS,,13/01/2025 14:01
Amrun,13/01/2025 14:01,"-12.9449792, 141.63961328",20x40,20,16,16,North Cell,"Left side 12.94498° S, 141.63964° E",0,MM43,Joe Johanson,H-60,1,13/01/2025 14:01,VS,,13/01/2025 14:01
Amrun,13/01/2025 14:01,"-12.9449792, 141.63961328",20x40,50,10,10,North Cell,"Left side 12.94498° S, 141.63964° E",0,MM43,Joe Johanson,H-60,1,13/01/2025 14:02,VS,,13/01/2025 14:02
Amrun,13/01/2025 14:00,"-12.9449792, 141.63961328",20x40,20,14,14,North Cell,"Right side 12.94498° S, 141.63964° E",0,MM43,Joe Johanson,H-60,1,13/01/2025 14:00,VS,,13/01/2025 14:00
Amrun,13/01/2025 14:00,"-12.9449792, 141.63961328",20x40,50,10,10,North Cell,"Right side 12.94498° S, 141.63964° E",0,MM43,Joe Johanson,H-60,1,13/01/2025 14:01,VS,,13/01/2025 14:01
Amrun,13/01/2025 13:59,"-12.9449792, 141.63961328",20x40,50,140,140,North Cell,"Scroll line could not penertate 12.94498° S, 141.63964° E",0,MM43,Joe Johanson,H-60,1,13/01/2025 13:59,VS,,13/01/2025 13:59
Amrun,13/01/2025 13:59,"-12.9449792, 141.63961328",20x40,100,140,140,North Cell,"Scroll line could not penetrate 12.94498° S, 141.63964° E",0,MM43,Joe Johanson,H-60,1,13/01/2025 14:00,VS,,13/01/2025 14:00
Amrun,13/01/2025 13:58,"-12.9449792, 141.63961328",20x40,20,44,44,North Cell,"Scroll line 12.94498° S, 141.63964° E",0,MM43,Joe Johanson,H-60,1,13/01/2025 13:59,VS,,13/01/2025 13:59
Amrun,12/01/2025 14:19,"-12.94320218, 141.63963047",20x40,20,18,18,North Cell,"Left side 12.94324° S, 141.63963° E",0,MM43,Joe Johanson,H-60,1,12/01/2025 14:19,VS,,12/01/2025 14:19
Amrun,12/01/2025 14:19,"-12.94320218, 141.63963047",20x40,50,26,26,North Cell,"Left side 12.94324° S, 141.63963° E",0,MM43,Joe Johanson,H-60,1,12/01/2025 14:19,VS,,12/01/2025 14:19
Amrun,12/01/2025 14:19,"-12.94320218, 141.63963047",20x40,100,140,140,North Cell,"Left side could not penetrate 12.94324° S, 141.63963° E",0,MM43,Joe Johanson,H-60,1,12/01/2025 14:20,VS,,12/01/2025 14:20
Amrun,12/01/2025 14:18,"-12.94323914, 141.63963344",20x40,100,140,140,North Cell,"Right side 12.94324° S, 141.63963° E",0,MM43,Joe Johanson,H-60,1,12/01/2025 14:19,VS,,12/01/2025 14:19
Amrun,12/01/2025 14:17,"-12.94323914, 141.63963344",20x40,20,6,6,North Cell,"Right side 12.94324° S, 141.63963° E",0,MM43,Joe Johanson,H-60,1,12/01/2025 14:17,VS,,12/01/2025 14:17
Amrun,12/01/2025 14:17,"-12.94323914, 141.63963344",20x40,50,98,98,North Cell,"Right side 12.94324° S, 141.63963° E",0,MM43,Joe Johanson,H-60,1,12/01/2025 14:18,VS,,12/01/2025 14:18
Amrun,12/01/2025 14:16,"-12.94323914, 141.63963344",20x40,50,140,140,North Cell,"Scroll line could not penetrate 12.94324° S, 141.63963° E",0,MM43,Joe Johanson,H-60,1,12/01/2025 14:16,VS,,12/01/2025 14:16
Amrun,12/01/2025 14:16,"-12.94323914, 141.63963344",20x40,100,140,140,North Cell,"Scroll line could not penetrate 12.94324° S, 141.63963° E",0,MM43,Joe Johanson,H-60,1,12/01/2025 14:17,VS,,12/01/2025 14:17
Amrun,12/01/2025 14:15,"-12.94323914, 141.63963344",20x40,20,90,90,North Cell,"Scroll line 12.94324° S, 141.63963° E",0,MM43,Joe Johanson,H-60,1,12/01/2025 14:16,VS,,12/01/2025 14:16
Amrun,11/01/2025 11:05,"-12.94868294, 141.63966155",20x40,20,16,16,North Cell,"Left side 12.94868° S, 141.63969° E",0,MM43,Joe Johanson,H-60,1,11/01/2025 11:05,VS,,11/01/2025 11:05
Amrun,11/01/2025 11:05,"-12.94868294, 141.63966155",20x40,50,22,22,North Cell,"Left side 12.94868° S, 141.63969° E",0,MM43,Joe Johanson,H-60,1,11/01/2025 11:05,VS,,11/01/2025 11:05
Amrun,11/01/2025 11:05,"-12.94868294, 141.63966155",20x40,100,68,68,North Cell,"Left side 12.94868° S, 141.63969° E",0,MM43,Joe Johanson,H-60,1,11/01/2025 11:06,VS,,11/01/2025 11:06
Amrun,11/01/2025 11:04,"-12.94868294, 141.63966155",20x40,20,12,12,North Cell,"Right side 12.94868° S, 141.63969° E",0,MM43,Joe Johanson,H-60,1,11/01/2025 11:04,VS,,11/01/2025 11:04
Amrun,11/01/2025 11:04,"-12.94868294, 141.63966155",20x40,50,10,10,North Cell,"Right side 12.94868° S, 141.63969° E",0,MM43,Joe Johanson,H-60,1,11/01/2025 11:04,VS,,11/01/2025 11:04
Amrun,11/01/2025 11:04,"-12.94868294, 141.63966155",20x40,100,100,100,North Cell,"Right side 12.94868° S, 141.63969° E",0,MM43,Joe Johanson,H-60,1,11/01/2025 11:05,VS,,11/01/2025 11:05
Amrun,11/01/2025 11:03,"-12.94868294, 141.63966155",20x40,50,78,78,North Cell,"Scroll line 12.94868° S, 141.63969° E",0,MM43,Joe Johanson,H-60,1,11/01/2025 11:03,VS,,11/01/2025 11:03
Amrun,11/01/2025 11:03,"-12.94868294, 141.63966155",20x40,100,140,140,North Cell,"Scroll line could not penertrate 12.94868° S, 141.63969° E",0,MM43,Joe Johanson,H-60,1,11/01/2025 11:04,VS,,11/01/2025 11:04
Amrun,11/01/2025 11:02,"-12.94868294, 141.63966155",20x40,20,56,56,North Cell,"scroll line 12.94868° S, 141.63969° E",0,MM43,Joe Johanson,H-60,1,11/01/2025 11:03,VS,,11/01/2025 11:03
Amrun,11/01/2025 8:29,"-12.95101819, 141.63967096",20x40,50,40,40,North Cell,"Left side 12.95100° S, 141.63968° E",0,MM43,Joe Johanson,H-60,1,11/01/2025 8:29,VS,,11/01/2025 8:29
Amrun,11/01/2025 8:29,"-12.95101819, 141.63967096",20x40,100,140,140,North Cell,"Left side could not penetrate 12.95100° S, 141.63968° E",0,MM43,Joe Johanson,H-60,1,11/01/2025 8:29,VS,,11/01/2025 8:29
Amrun,11/01/2025 8:28,"-12.95101819, 141.63967096",20x40,50,46,46,North Cell,"Right side 12.95100° S, 141.63968° E",0,MM43,Joe Johanson,H-60,1,11/01/2025 8:28,VS,,11/01/2025 8:28
Amrun,11/01/2025 8:28,"-12.95101819, 141.63967096",20x40,100,140,140,North Cell,"Right side could not penetrate 12.95100° S, 141.63968° E",0,MM43,Joe Johanson,H-60,1,11/01/2025 8:28,VS,,11/01/2025 8:28
Amrun,11/01/2025 8:28,"-12.95101819, 141.63967096",20x40,20,0,0,North Cell,"Left side 12.95100° S, 141.63968° E",0,MM43,Joe Johanson,H-60,1,11/01/2025 8:29,VS,,11/01/2025 8:29
Amrun,11/01/2025 8:27,"-12.95101819, 141.63967096",20x40,100,140,140,North Cell,"Scroll line could not penetrate 12.95100° S, 141.63968° E",0,MM43,Joe Johanson,H-60,1,11/01/2025 8:27,VS,,11/01/2025 8:27
Amrun,11/01/2025 8:27,"-12.95101819, 141.63967096",20x40,20,10,10,North Cell,"Right side 12.95100° S, 141.63968° E",0,MM43,Joe Johanson,H-60,1,11/01/2025 8:28,VS,,11/01/2025 8:28
Amrun,11/01/2025 8:26,"-12.95101819, 141.63967096",20x40,50,140,140,North Cell,"Scroll line could not penetrate 12.95100° S, 141.63968° E",0,MM43,Joe Johanson,H-60,1,11/01/2025 8:27,VS,,11/01/2025 8:27
Amrun,11/01/2025 8:25,"-12.95101819, 141.63967096",20x40,20,22,22,North Cell,"Scroll line 12.95100° S, 141.63968° E",0,MM43,Joe Johanson,H-60,1,11/01/2025 8:26,VS,,11/01/2025 8:26
Amrun,11/01/2025 7:39,"-12.95161169, 141.63956292",20x40,50,40,40,North Cell,"Left side 15.70506° S, 142.97070° E",0,MM43,Joe Johanson,H-60,1,11/01/2025 7:39,VS,,11/01/2025 7:39
Amrun,11/01/2025 7:38,"-12.95161169, 141.63956292",20x40,20,8,8,North Cell,"Left side 15.70506° S, 142.97070° E",0,MM43,Joe Johanson,H-60,1,11/01/2025 7:38,VS,,11/01/2025 7:38
Amrun,11/01/2025 7:38,"-12.95161169, 141.63956292",20x40,100,140,140,North Cell,"Left side could not penetrate 15.70506° S, 142.97070° E",0,MM43,Joe Johanson,H-60,1,11/01/2025 7:39,VS,,11/01/2025 7:39
Amrun,11/01/2025 7:37,"-12.95161169, 141.63956292",20x40,20,14,14,North Cell,"Right side 15.70506° S, 142.97070° E",0,MM43,Joe Johanson,H-60,1,11/01/2025 7:37,VS,,11/01/2025 7:37
Amrun,11/01/2025 7:37,"-12.95161169, 141.63956292",20x40,50,30,30,North Cell,"Right side 15.70506° S, 142.97070° E",0,MM43,Joe Johanson,H-60,1,11/01/2025 7:37,VS,,11/01/2025 7:37
Amrun,11/01/2025 7:37,"-12.95161169, 141.63956292",20x40,100,140,140,North Cell,"Right side could not penetrate 15.70506° S, 142.97070° E",0,MM43,Joe Johanson,H-60,1,11/01/2025 7:38,VS,,11/01/2025 7:38
Amrun,11/01/2025 7:36,"-12.95161169, 141.63956292",20x40,50,68,68,North Cell,"Scroll line 15.70506° S, 142.97070° E",0,MM43,Joe Johanson,H-60,1,11/01/2025 7:36,VS,,11/01/2025 7:36
Amrun,11/01/2025 7:36,"-12.95161169, 141.63956292",20x40,100,140,140,North Cell,"Scroll line could not penertate 15.70506° S, 142.97070° E",0,MM43,Joe Johanson,H-60,1,11/01/2025 7:37,VS,,11/01/2025 7:37
Amrun,11/01/2025 7:35,"-12.95161169, 141.63956292",20x40,20,32,32,North Cell,"Scroll line 15.70506° S, 142.97070° E",0,MM43,Joe Johanson,H-60,1,11/01/2025 7:36,VS,,11/01/2025 7:36
Amrun,9/01/2025 11:28,"-12.94619064, 141.63963983",20x40,20,12,12,North Cell,"Left side 15.70506° S, 142.97070° E",0,MM43,Joe Johanson,H-60,1,9/01/2025 11:28,VS,,9/01/2025 11:28
Amrun,9/01/2025 11:28,"-12.94619064, 141.63963983",20x40,50,14,14,North Cell,"Left side 15.70506° S, 142.97070° E",0,MM43,Joe Johanson,H-60,1,9/01/2025 11:28,VS,,9/01/2025 11:28
Amrun,9/01/2025 11:28,"-12.94619064, 141.63963983",20x40,100,60,60,North Cell,"Left side 15.70506° S, 142.97070° E",0,MM43,Joe Johanson,H-60,1,9/01/2025 11:29,VS,,9/01/2025 11:29
Amrun,9/01/2025 11:27,"-12.94619064, 141.63963983",20x40,20,6,6,North Cell,"Right side 15.70506° S, 142.97070° E",0,MM43,Joe Johanson,H-60,1,9/01/2025 11:27,VS,,9/01/2025 11:27
Amrun,9/01/2025 11:27,"-12.94619064, 141.63963983",20x40,50,28,28,North Cell,"Right side 15.70506° S, 142.97070° E",0,MM43,Joe Johanson,H-60,1,9/01/2025 11:27,VS,,9/01/2025 11:27
Amrun,9/01/2025 11:27,"-12.94619064, 141.63963983",20x40,100,140,140,North Cell,"Right side Could not penetrate 15.70506° S, 142.97070° E",0,MM43,Joe Johanson,H-60,1,9/01/2025 11:28,VS,,9/01/2025 11:28
Amrun,9/01/2025 11:26,"-12.94619064, 141.63963983",20x40,50,78,78,North Cell,"Scroll line 15.70506° S, 142.97070° E",0,MM43,Joe Johanson,H-60,1,9/01/2025 11:26,VS,,9/01/2025 11:26
Amrun,9/01/2025 11:26,"-12.94619064, 141.63963983",20x40,100,140,140,North Cell,"Scroll line could not penetrate 15.70506° S, 142.97070° E",0,MM43,Joe Johanson,H-60,1,9/01/2025 11:27,VS,,9/01/2025 11:27
Amrun,9/01/2025 11:25,"-12.94619064, 141.63963983",20x40,20,28,28,North Cell,"Scroll line 15.70506° S, 142.97070° E",0,MM43,Joe Johanson,H-60,1,9/01/2025 11:25,VS,,9/01/2025 11:25
Amrun,8/01/2025 15:12,"-12.95240551, 141.62695368",20x40,100,26,26,North Cell,"Left side 12.95241° S, 141.62695° E",0,MM43,Joe Johanson,H-60,1,8/01/2025 15:12,VS,,8/01/2025 15:12
Amrun,8/01/2025 15:11,"-12.95240551, 141.62695368",20x40,20,6,6,North Cell,"Left side 12.95241° S, 141.62695° E",0,MM43,Joe Johanson,H-60,1,8/01/2025 15:11,VS,,8/01/2025 15:11
Amrun,8/01/2025 15:11,"-12.95240551, 141.62695368",20x40,50,70,70,North Cell,"Left side 12.95241° S, 141.62695° E",0,MM43,Joe Johanson,H-60,1,8/01/2025 15:12,VS,,8/01/2025 15:12
Amrun,8/01/2025 15:10,"-12.95240551, 141.62695368",20x40,20,12,12,North Cell,"Right hand 12.95241° S, 141.62695° E",0,MM43,Joe Johanson,H-60,1,8/01/2025 15:10,VS,,8/01/2025 15:10
Amrun,8/01/2025 15:10,"-12.95240551, 141.62695368",20x40,50,36,36,North Cell,"Right side 12.95241° S, 141.62695° E",0,MM43,Joe Johanson,H-60,1,8/01/2025 15:10,VS,,8/01/2025 15:10
Amrun,8/01/2025 15:10,"-12.95240551, 141.62695368",20x40,100,50,50,North Cell,"Right side 12.95241° S, 141.62695° E",0,MM43,Joe Johanson,H-60,1,8/01/2025 15:11,VS,,8/01/2025 15:11
Amrun,8/01/2025 15:09,"-12.95240551, 141.62695368",20x40,50,140,140,North Cell,"Scroll line could not penetrate
12.95241° S, 141.62695° E",0,MM43,Joe Johanson,H-60,1,8/01/2025 15:09,VS,,8/01/2025 15:09
Amrun,8/01/2025 15:09,"-12.95240551, 141.62695368",20x40,100,140,140,North Cell,"Scroll line could not penetrate 
12.95241° S, 141.62695° E",0,MM43,Joe Johanson,H-60,1,8/01/2025 15:10,VS,,8/01/2025 15:10
Amrun,8/01/2025 15:07,"-12.95240551, 141.62695368",20x40,20,20,20,North Cell,"Scroll line 12.95241° S, 141.62695° E",0,MM43,Joe Johanson,H-60,1,8/01/2025 15:09,VS,,8/01/2025 15:09
Amrun,8/01/2025 12:39,"-12.95169459, 141.63784158",20x40,20,20,20,North Cell,"Left side 12.95168° S, 141.63784° E",0,MM43,Joe Johanson,H-60,1,8/01/2025 12:39,VS,,8/01/2025 12:39
Amrun,8/01/2025 12:39,"-12.95169459, 141.63784158",20x40,50,6,6,North Cell,"Left side 12.95168° S, 141.63784° E",0,MM43,Joe Johanson,H-60,1,8/01/2025 12:39,VS,,8/01/2025 12:39
Amrun,8/01/2025 12:39,"-12.95169459, 141.63784158",20x40,100,70,70,North Cell,"Left side 12.95168° S, 141.63784° E",0,MM43,Joe Johanson,H-60,1,8/01/2025 12:39,VS,,8/01/2025 12:39
Amrun,8/01/2025 12:38,"-12.95169459, 141.63784158",20x40,20,16,16,North Cell,"Right side 12.95168° S, 141.63784° E",0,MM43,Joe Johanson,H-60,1,8/01/2025 12:38,VS,,8/01/2025 12:38
Amrun,8/01/2025 12:38,"-12.95169459, 141.63784158",20x40,50,18,18,North Cell,"Right side 12.95168° S, 141.63784° E",0,MM43,Joe Johanson,H-60,1,8/01/2025 12:38,VS,,8/01/2025 12:38
Amrun,8/01/2025 12:38,"-12.95169459, 141.63784158",20x40,100,40,40,North Cell,"Right side 12.95168° S, 141.63784° E",0,MM43,Joe Johanson,H-60,1,8/01/2025 12:39,VS,,8/01/2025 12:39
Amrun,8/01/2025 12:37,"-12.95169459, 141.63784158",20x40,50,10,10,North Cell,"Scroll line 12.95168° S, 141.63784° E",0,MM43,Joe Johanson,H-60,1,8/01/2025 12:37,VS,,8/01/2025 12:37
Amrun,8/01/2025 12:37,"-12.95169459, 141.63784158",20x40,100,140,140,North Cell,"Scroll line 12.95168° S, 141.63784° E",0,MM43,Joe Johanson,H-60,1,8/01/2025 12:38,VS,,8/01/2025 12:38
Amrun,8/01/2025 12:35,"-12.95169459, 141.63784158",20x40,20,8,8,South Cell,"Scroll line 12.95168° S, 141.63784° E",0,MM43,Joe Johanson,H-60,1,8/01/2025 12:37,VS,,8/01/2025 12:37
Amrun,8/12/2024 10:41,", ",20x40,50,56,56,North Cell,"Right hand side 
12.94258° S, 141.63845° E",0,MM44,Joe Johanson,H-60,1,8/12/2024 10:41,VS,,8/12/2024 10:41
Amrun,8/12/2024 10:41,", ",20x40,100,62,62,North Cell,"Right hand side 
12.94258° S, 141.63845° E",0,MM44,Joe Johanson,H-60,1,8/12/2024 10:41,VS,,8/12/2024 10:41
Amrun,8/12/2024 10:40,", ",20x40,100,140,140,North Cell,"In scroll line could not penetrate 
12.94258° S, 141.63845° E",0,MM44,Joe Johanson,H-60,1,8/12/2024 10:40,VS,,8/12/2024 10:40
Amrun,8/12/2024 10:40,", ",20x40,20,0,0,North Cell,"Right hand side 
12.94258° S, 141.63845° E",0,MM44,Joe Johanson,H-60,1,8/12/2024 10:41,VS,,8/12/2024 10:41
Amrun,8/12/2024 10:39,", ",20x40,50,40,40,North Cell,"In scroll line 
12.94258° S, 141.63845° E",0,MM44,Joe Johanson,H-60,1,8/12/2024 10:40,VS,,8/12/2024 10:40
Amrun,8/12/2024 10:38,,20x40,20,20,20,North Cell,"In scroll line 
12.94258° S, 141.63845° E",0,MM44,Joe Johanson,H-60,1,8/12/2024 10:39,VS,,8/12/2024 10:39
Amrun,8/12/2024 8:40,"-12.9430038, 141.63903511",20x40,20,14,14,North Cell,"Left hand side 
12.94300° S, 141.63902° E",0,MM44,Joe Johanson,H-60,1,8/12/2024 8:40,VS,,8/12/2024 8:40
Amrun,8/12/2024 8:40,"-12.94300449, 141.63903145",20x40,50,81,81,North Cell,"Left hand side 
12.94300° S, 141.63902° E",0,MM44,Joe Johanson,H-60,1,8/12/2024 8:40,VS,,8/12/2024 8:40
Amrun,8/12/2024 8:40,"-12.94300449, 141.63903145",20x40,100,140,140,North Cell,"Left hand side could not penetrate 
12.94300° S, 141.63902° E",0,MM44,Joe Johanson,H-60,1,8/12/2024 8:41,VS,,8/12/2024 8:41
Amrun,8/12/2024 8:39,"-12.94298854, 141.63904821",20x40,50,62,62,North Cell,"In scroll line 
12.94300° S, 141.63902° E",0,MM44,Joe Johanson,H-60,1,8/12/2024 8:39,VS,,8/12/2024 8:39
Amrun,8/12/2024 8:39,"-12.94298908, 141.63903421",20x40,100,140,140,North Cell,"In scroll line could not penetrate 
12.94300° S, 141.63902° E",0,MM44,Joe Johanson,H-60,1,8/12/2024 8:40,VS,,8/12/2024 8:40
Amrun,8/12/2024 8:37,"-12.94298532, 141.6390326",20x40,20,42,42,North Cell,"In scroll line
12.94300° S, 141.63902° E",0,MM44,Joe Johanson,H-60,1,8/12/2024 8:39,VS,,8/12/2024 8:39
Amrun,7/12/2024 9:53,"-12.95640892, 141.63704576",20x40,100,82,82,South Cell,Left hand side ,0,MM43,Joe Johanson,H-60,1,7/12/2024 9:53,VS,,7/12/2024 9:53
Amrun,7/12/2024 9:52,"-12.95640892, 141.63704576",20x40,20,16,16,South Cell,Left hand side ,0,MM43,Joe Johanson,H-60,1,7/12/2024 9:52,VS,,7/12/2024 9:52
Amrun,7/12/2024 9:52,"-12.95640892, 141.63704576",20x40,50,26,26,South Cell,Left hand side ,0,MM43,Joe Johanson,H-60,1,7/12/2024 9:53,VS,,7/12/2024 9:53
Amrun,7/12/2024 9:51,"-12.95640892, 141.63704576",20x40,50,72,72,South Cell,In scroll line ,0,MM43,Joe Johanson,H-60,1,7/12/2024 9:51,VS,,7/12/2024 9:51
Amrun,7/12/2024 9:51,"-12.95640892, 141.63704576",20x40,100,140,140,South Cell,In scroll line could not penetrate ,0,MM43,Joe Johanson,H-60,1,7/12/2024 9:52,VS,,7/12/2024 9:52
Amrun,7/12/2024 9:49,"-12.95640892, 141.63704576",20x40,20,24,24,South Cell,Scroll line ,0,MM43,Joe Johanson,H-60,1,7/12/2024 9:51,VS,,7/12/2024 9:51
Amrun,6/12/2024 10:26,"-12.9565487, 141.63364935",20x40,20,24,24,South Cell,Right hand side ,0,MM43,Joe Johanson,H-60,1,6/12/2024 10:26,VS,,6/12/2024 10:26
Amrun,6/12/2024 10:26,"-12.9565487, 141.63364935",20x40,50,18,18,South Cell,Right hand side ,0,MM43,Joe Johanson,H-60,1,6/12/2024 10:26,VS,,6/12/2024 10:26
Amrun,6/12/2024 10:26,"-12.9565487, 141.63364935",20x40,100,140,140,South Cell,"Could penetrate 
Right hand side ",0,MM43,Joe Johanson,H-60,1,6/12/2024 10:28,VS,,6/12/2024 10:28
Amrun,6/12/2024 10:25,"-12.9565487, 141.63364935",20x40,50,26,26,South Cell,In scroll line,0,MM43,Joe Johanson,H-60,1,6/12/2024 10:25,VS,,6/12/2024 10:25
Amrun,6/12/2024 10:25,"-12.9565487, 141.63364935",20x40,100,140,140,South Cell,In scroll line could not penetrate ,0,MM43,Joe Johanson,H-60,1,6/12/2024 10:26,VS,,6/12/2024 10:26
Amrun,6/12/2024 10:24,"-12.9565487, 141.63364935",20x40,20,14,14,South Cell,"In scroll line
",0,MM43,Joe Johanson,H-60,1,6/12/2024 10:25,VS,,6/12/2024 10:25
Amrun,17/11/2024 11:46,"-12.96577266, 141.64070807",20x40,50,6,6,South Cell,Right hand side ,0,MM43,Joe Johanson,H-60,1,17/11/2024 11:46,VS,,17/11/2024 11:46
Amrun,17/11/2024 11:46,"-12.96577266, 141.64070807",20x40,100,140,140,South Cell,"Right hand side 
Could not penetrate ",0,MM43,Joe Johanson,H-60,1,17/11/2024 11:46,VS,,17/11/2024 11:46
Amrun,17/11/2024 11:45,"-12.96577266, 141.64070807",20x40,50,6,6,South Cell,,0,MM43,Joe Johanson,H-60,1,17/11/2024 11:45,VS,,17/11/2024 11:45
Amrun,17/11/2024 11:45,"-12.96577266, 141.64070807",20x40,100,140,140,South Cell,"Left hand side 
Could not penetrate ",0,MM43,Joe Johanson,H-60,1,17/11/2024 11:45,VS,,17/11/2024 11:45
Amrun,17/11/2024 11:45,"-12.96577266, 141.64070807",20x40,20,6,6,South Cell,Right hand side ,0,MM43,Joe Johanson,H-60,1,17/11/2024 11:46,VS,,17/11/2024 11:46
Amrun,17/11/2024 11:43,"-12.9657543, 141.64071039",20x40,50,94,94,South Cell,Scroll line ,0,MM43,Joe Johanson,H-60,1,17/11/2024 11:43,VS,,17/11/2024 11:43
Amrun,17/11/2024 11:43,"-12.9657543, 141.64071039",20x40,100,140,140,South Cell,"Scroll line 
Could not penetrate ",0,MM43,Joe Johanson,H-60,1,17/11/2024 11:43,VS,,17/11/2024 11:43
Amrun,17/11/2024 11:43,"-12.96577266, 141.64070807",20x40,20,4,4,South Cell,Left hand side ,0,MM43,Joe Johanson,H-60,1,17/11/2024 11:45,VS,,17/11/2024 11:45
Amrun,17/11/2024 11:42,"-12.9657543, 141.64071039",20x40,20,18,18,South Cell,Scroll line ,0,MM43,Joe Johanson,H-60,1,17/11/2024 11:43,VS,,17/11/2024 11:43
Amrun,16/11/2024 10:40,"-12.95680299, 141.63896788",20x40,50,22,22,South Cell,Scroll line ,0,MM43,Joe Johanson,H-60,1,16/11/2024 10:40,VS,,16/11/2024 10:40
Amrun,16/11/2024 10:40,"-12.97347542, 141.6380707",20x40,100,34,34,South Cell,Scroll line ,0,MM43,Joe Johanson,H-60,1,16/11/2024 10:42,VS,,16/11/2024 10:42
Amrun,16/11/2024 10:39,"-12.97345702, 141.63806107",20x40,100,42,42,South Cell,Right-hand side,0,MM43,Joe Johanson,H-60,1,16/11/2024 10:39,VS,,16/11/2024 10:39
Amrun,16/11/2024 10:39,"-12.95680299, 141.63896788",20x40,20,10,10,South Cell,Scroll line ,0,MM43,Joe Johanson,H-60,1,16/11/2024 10:40,VS,,16/11/2024 10:40
Amrun,16/11/2024 10:38,"-12.97345702, 141.63806107",20x40,20,24,24,South Cell,Right-hand side,0,MM43,Joe Johanson,H-60,1,16/11/2024 10:38,VS,,16/11/2024 10:38
Amrun,16/11/2024 10:38,"-12.97345702, 141.63806107",20x40,50,26,26,South Cell,Right-hand side,0,MM43,Joe Johanson,H-60,1,16/11/2024 10:38,VS,,16/11/2024 10:38
Amrun,16/11/2024 10:37,"-12.97345702, 141.63806107",20x40,100,56,56,South Cell,Left-hand side,0,MM43,Joe Johanson,H-60,1,16/11/2024 10:37,VS,,16/11/2024 10:37
Amrun,16/11/2024 10:36,"-12.97345478, 141.63806024",20x40,50,8,8,South Cell,Left-hand side,0,MM43,Joe Johanson,H-60,1,16/11/2024 10:36,VS,,16/11/2024 10:36
Amrun,16/11/2024 10:33,"-12.97345478, 141.63806024",20x40,20,10,10,South Cell,Left-hand side,0,MM43,Joe Johanson,H-60,1,16/11/2024 10:36,VS,,16/11/2024 10:36
Amrun,15/11/2024 11:39,"-12.95616139, 141.63611273",20x40,100,140,140,South Cell,"Scroll line
Could not penetrate ",0,MM43,Joe Johanson,H-60,1,15/11/2024 11:39,VS,,15/11/2024 11:39
Amrun,15/11/2024 11:38,"-12.95616139, 141.63611273",20x40,100,140,140,South Cell,"right hand side 
Could not penetrate ",0,MM43,Joe Johanson,H-60,1,15/11/2024 11:38,VS,,15/11/2024 11:38
Amrun,15/11/2024 11:38,"-12.95616139, 141.63611273",20x40,20,140,140,South Cell,"Scroll line
Could not penetrate ",0,MM43,Joe Johanson,H-60,1,15/11/2024 11:38,VS,,15/11/2024 11:38
Amrun,15/11/2024 11:38,"-12.95616139, 141.63611273",20x40,50,140,140,South Cell,"Scroll line
Could not penetrate ",0,MM43,Joe Johanson,H-60,1,15/11/2024 11:39,VS,,15/11/2024 11:39
Amrun,15/11/2024 11:37,"-12.95616139, 141.63611273",20x40,100,140,140,South Cell,"Left hand side 
Could not penetrate ",0,MM43,Joe Johanson,H-60,1,15/11/2024 11:37,VS,,15/11/2024 11:37
Amrun,15/11/2024 11:37,"-12.95616139, 141.63611273",20x40,20,8,8,South Cell,"right hand side 
",0,MM43,Joe Johanson,H-60,1,15/11/2024 11:37,VS,,15/11/2024 11:37
Amrun,15/11/2024 11:37,"-12.95616139, 141.63611273",20x40,50,140,140,South Cell,"right hand side 
Could not penetrate ",0,MM43,Joe Johanson,H-60,1,15/11/2024 11:38,VS,,15/11/2024 11:38
Amrun,15/11/2024 11:36,"-12.95616139, 141.63611273",20x40,50,140,140,South Cell,"Left hand side 
Could not penetrate ",0,MM43,Joe Johanson,H-60,1,15/11/2024 11:37,VS,,15/11/2024 11:37
Amrun,15/11/2024 11:35,"-12.95616139, 141.63611273",20x40,20,26,26,South Cell,Left hand side ,0,MM43,Joe Johanson,H-60,1,15/11/2024 11:36,VS,,15/11/2024 11:36
Amrun,13/11/2024 16:37,"-12.95418756, 141.64173199",20x40,50,30,30,South Cell,"Left hand side 
12.95650° S, 141.63582° E",0,MM43,Joe Johanson,H-60,1,13/11/2024 16:37,VS,,13/11/2024 16:37
Amrun,13/11/2024 16:37,"-12.95418756, 141.64173199",20x40,100,140,140,South Cell,"Left hand side 
12.95650° S, 141.63582° E
 Oils not penetrate ",0,MM43,Joe Johanson,H-60,1,13/11/2024 16:38,VS,,13/11/2024 16:38
Amrun,13/11/2024 16:36,"-12.95418756, 141.64173199",20x40,50,22,22,South Cell,"Right hand side 
12.95650° S, 141.63582° E",0,MM43,Joe Johanson,H-60,1,13/11/2024 16:36,VS,,13/11/2024 16:36
Amrun,13/11/2024 16:36,"-12.95418756, 141.64173199",20x40,100,140,140,South Cell,"Right hand side 
12.95650° S, 141.63582° E
Could not penetrate ",0,MM43,Joe Johanson,H-60,1,13/11/2024 16:36,VS,,13/11/2024 16:36
Amrun,13/11/2024 16:36,"-12.95418756, 141.64173199",20x40,20,10,10,South Cell,"Left hand side 
12.95650° S, 141.63582° E",0,MM43,Joe Johanson,H-60,1,13/11/2024 16:37,VS,,13/11/2024 16:37
Amrun,13/11/2024 16:35,"-12.95418756, 141.64173199",20x40,100,140,140,South Cell,"Scroll line 
12.95650° S, 141.63582° E
Could not penetrate ",0,MM43,Joe Johanson,H-60,1,13/11/2024 16:35,VS,,13/11/2024 16:35
Amrun,13/11/2024 16:35,"-12.95418756, 141.64173199",20x40,20,10,10,South Cell,"Right hand side 
12.95650° S, 141.63582° E",0,MM43,Joe Johanson,H-60,1,13/11/2024 16:36,VS,,13/11/2024 16:36
Amrun,13/11/2024 16:34,"-12.95418756, 141.64173199",20x40,20,16,16,South Cell,"Scroll line 
12.95650° S, 141.63582° E",0,MM43,Joe Johanson,H-60,1,13/11/2024 16:34,VS,,13/11/2024 16:34
Amrun,13/11/2024 16:34,"-12.95418756, 141.64173199",20x40,50,60,60,South Cell,"Scroll line 
12.95650° S, 141.63582° E",0,MM43,Joe Johanson,H-60,1,13/11/2024 16:35,VS,,13/11/2024 16:35
Amrun,13/11/2024 13:40,"-12.95645756, 141.63710393",20x40,50,18,18,South Cell,Right hand side ,0,MM43,Joe Johanson,H-60,1,13/11/2024 13:40,VS,,13/11/2024 13:40
Amrun,13/11/2024 13:40,"-12.95645756, 141.63710393",20x40,100,98,98,South Cell,Right hand side ,0,MM43,Joe Johanson,H-60,1,13/11/2024 13:40,VS,,13/11/2024 13:40
Amrun,13/11/2024 13:39,"-12.95645756, 141.63710393",20x40,50,30,30,South Cell,Left hand side ,0,MM43,Joe Johanson,H-60,1,13/11/2024 13:39,VS,,13/11/2024 13:39
Amrun,13/11/2024 13:39,"-12.95645756, 141.63710393",20x40,100,62,62,South Cell,Left hand side ,0,MM43,Joe Johanson,H-60,1,13/11/2024 13:39,VS,,13/11/2024 13:39
Amrun,13/11/2024 13:39,"-12.95645756, 141.63710393",20x40,20,10,10,South Cell,Right hand side ,0,MM43,Joe Johanson,H-60,1,13/11/2024 13:40,VS,,13/11/2024 13:40
Amrun,13/11/2024 13:38,"-12.95645756, 141.63710393",20x40,100,140,140,South Cell,Scroll line can't penetrate ,0,MM43,Joe Johanson,H-60,1,13/11/2024 13:38,VS,,13/11/2024 13:38
Amrun,13/11/2024 13:38,"-12.95645756, 141.63710393",20x40,20,18,18,South Cell,Left hand side ,0,MM43,Joe Johanson,H-60,1,13/11/2024 13:39,VS,,13/11/2024 13:39
Amrun,13/11/2024 13:37,"-12.95645756, 141.63710393",20x40,20,50,50,South Cell,Scroll line ,0,MM43,Joe Johanson,H-60,1,13/11/2024 13:37,VS,,13/11/2024 13:37
Amrun,13/11/2024 13:37,"-12.95645756, 141.63710393",20x40,50,34,34,South Cell,Scroll line ,0,MM43,Joe Johanson,H-60,1,13/11/2024 13:38,VS,,13/11/2024 13:38
Amrun,25/08/2024 14:24,"-12.97341592, 141.63584009",20x40,20,0,0,South Cell,,0,MM43,Joe Johanson,H-60,1,25/08/2024 14:24,VS,,25/08/2024 14:24
Amrun,25/08/2024 14:24,"-12.97341592, 141.63584009",20x40,50,30,30,South Cell,,0,MM43,Joe Johanson,H-60,1,25/08/2024 14:24,VS,,25/08/2024 14:24
Amrun,25/08/2024 14:24,"-12.97340341, 141.63589137",20x40,80,140,140,South Cell,Could not penetrate ,0,MM43,Joe Johanson,H-60,1,25/08/2024 14:25,VS,,25/08/2024 14:25
Amrun,25/08/2024 13:13,"-12.97375429, 141.63686481",20x40,50,8,8,South Cell,,0,MM43,Joe Johanson,H-60,1,25/08/2024 13:13,VS,,25/08/2024 13:13
Amrun,25/08/2024 13:13,"-12.97375429, 141.63686481",20x40,80,14,14,South Cell,,0,MM43,Joe Johanson,H-60,1,25/08/2024 13:13,VS,,25/08/2024 13:13
Amrun,25/08/2024 13:12,"-12.97375429, 141.63686481",20x40,20,0,0,South Cell,,0,MM43,Joe Johanson,H-60,1,25/08/2024 13:13,VS,,25/08/2024 13:13
Amrun,24/08/2024 10:54,"-12.96976309, 141.63991673",20x40,50,0,0,South Cell,,0,MM43,Joe Johanson,H-60,1,24/08/2024 10:54,VS,,24/08/2024 10:54
Amrun,24/08/2024 10:54,"-12.96976309, 141.63991673",20x40,80,0,0,South Cell,,0,MM43,Joe Johanson,H-60,1,24/08/2024 10:54,VS,,24/08/2024 10:54
Amrun,24/08/2024 10:53,"-12.96976309, 141.63991673",20x40,20,0,0,South Cell,,0,MM43,Joe Johanson,H-60,1,24/08/2024 10:54,VS,,24/08/2024 10:54
Amrun,24/08/2024 9:56,"-12.970792, 141.63992231",20x40,80,6,6,South Cell,,0,MM43,Joe Johanson,H-60,1,24/08/2024 9:56,VS,,24/08/2024 9:56
Amrun,24/08/2024 9:55,"-12.970792, 141.63992231",20x40,20,0,0,South Cell,,0,MM43,Joe Johanson,H-60,1,24/08/2024 9:55,VS,,24/08/2024 9:55
Amrun,24/08/2024 9:55,"-12.970792, 141.63992231",20x40,50,0,0,South Cell,,0,MM43,Joe Johanson,H-60,1,24/08/2024 9:56,VS,,24/08/2024 9:56
Amrun,23/08/2024 7:23,"-12.9692035, 141.63291734",20x40,50,8,8,South Cell,,0,MM43,Joe Johanson,H-60,1,23/08/2024 7:23,VS,,23/08/2024 7:23
Amrun,23/08/2024 7:23,"-12.9692035, 141.63291734",20x40,80,10,10,South Cell,,0,MM43,Joe Johanson,H-60,1,23/08/2024 7:23,VS,,23/08/2024 7:23
Amrun,23/08/2024 7:22,"-12.94335842, 141.63720703",20x40,20,6,6,South Cell,,0,MM43,Joe Johanson,H-60,1,23/08/2024 7:22,VS,,23/08/2024 7:22
Amrun,23/08/2024 7:22,"-12.94335842, 141.63720703",20x40,50,8,8,South Cell,,0,MM43,Joe Johanson,H-60,1,23/08/2024 7:22,VS,,23/08/2024 7:22
Amrun,23/08/2024 7:22,"-12.9692035, 141.63291734",20x40,20,6,6,South Cell,,0,MM43,Joe Johanson,H-60,1,23/08/2024 7:23,VS,,23/08/2024 7:23
Amrun,22/08/2024 13:16,"-12.97303541, 141.63453949",20x40,50,10,10,South Cell,,0,MM43,Joe Johanson,H-60,1,22/08/2024 13:16,VS,,22/08/2024 13:16
Amrun,22/08/2024 13:16,"-12.97303541, 141.63453949",20x40,80,140,140,South Cell,Could not penetrate ,0,MM43,Joe Johanson,H-60,1,22/08/2024 13:16,VS,,22/08/2024 13:16
Amrun,22/08/2024 13:15,"-12.97303541, 141.63453949",20x40,20,0,0,South Cell,,0,MM43,Joe Johanson,H-60,1,22/08/2024 13:16,VS,,22/08/2024 13:16
Amrun,21/08/2024 8:42,"-12.95770302, 141.63980074",20x40,80,10,10,South Cell,,0,MM43,Joe Johanson,H-60,1,21/08/2024 8:42,VS,,21/08/2024 8:42
Amrun,21/08/2024 8:41,"-12.95770302, 141.63980074",20x40,20,0,0,South Cell,,0,MM43,Joe Johanson,H-60,1,21/08/2024 8:41,VS,,21/08/2024 8:41
Amrun,21/08/2024 8:41,"-12.95770302, 141.63980074",20x40,50,0,0,South Cell,,0,MM43,Joe Johanson,H-60,1,21/08/2024 8:42,VS,,21/08/2024 8:42
Amrun,3/08/2024 14:37,"-12.96111412, 141.64002297",20x40,80,8,8,South Cell,,0,MM43,Joe Johanson,H-60,1,3/08/2024 14:37,VS,,3/08/2024 14:37
Amrun,3/08/2024 14:36,"-12.96111412, 141.64002297",20x40,20,2,2,South Cell,,0,MM43,Joe Johanson,H-60,1,3/08/2024 14:36,VS,,3/08/2024 14:36
Amrun,3/08/2024 14:36,"-12.96111412, 141.64002297",20x40,50,2,2,South Cell,,0,MM43,Joe Johanson,H-60,1,3/08/2024 14:36,VS,,3/08/2024 14:36
Amrun,3/08/2024 12:42,"-12.95968296, 141.63983884",20x40,50,0,0,South Cell,,0,MM43,Joe Johanson,H-60,1,3/08/2024 12:42,VS,,3/08/2024 12:42
Amrun,3/08/2024 12:42,"-12.95968296, 141.63983884",20x40,80,2,2,South Cell,,0,MM43,Joe Johanson,H-60,1,3/08/2024 12:42,VS,,3/08/2024 12:42
Amrun,3/08/2024 12:41,"-12.95968296, 141.63983884",20x40,20,0,0,South Cell,,0,MM43,Joe Johanson,H-60,1,3/08/2024 12:42,VS,,3/08/2024 12:42
Amrun,2/08/2024 11:19,"-12.96284227, 141.63992802",20x40,50,20,20,South Cell,,0,MM43,Joe Johanson,H-60,1,2/08/2024 11:19,VS,,2/08/2024 11:19
Amrun,2/08/2024 11:19,"-12.96284227, 141.63992802",20x40,80,22,22,South Cell,,0,MM43,Joe Johanson,H-60,1,2/08/2024 11:19,VS,,2/08/2024 11:19
Amrun,2/08/2024 11:18,"-12.96284227, 141.63992802",20x40,20,10,10,South Cell,,0,MM43,Joe Johanson,H-60,1,2/08/2024 11:19,VS,,2/08/2024 11:19
Amrun,2/08/2024 9:00,"-12.96093282, 141.64006509",20x40,80,10,10,South Cell,,0,MM43,Joe Johanson,H-60,1,2/08/2024 9:00,VS,,2/08/2024 9:00
Amrun,2/08/2024 8:59,"-12.96093282, 141.64006509",20x40,20,6,6,South Cell,,0,MM43,Joe Johanson,H-60,1,2/08/2024 8:59,VS,,2/08/2024 8:59
Amrun,2/08/2024 8:59,"-12.96093282, 141.64006509",20x40,50,4,4,South Cell,,0,MM43,Joe Johanson,H-60,1,2/08/2024 9:00,VS,,2/08/2024 9:00
Amrun,31/07/2024 10:50,"-12.95715498, 141.62619868",20x40,20,24,24,South Cell,,0,MM43,Joe Johanson,H-60,1,31/07/2024 10:50,VS,,31/07/2024 10:50
Amrun,31/07/2024 10:50,"-12.95715478, 141.62619555",20x40,50,40,40,South Cell,,0,MM43,Joe Johanson,H-60,1,31/07/2024 10:50,VS,,31/07/2024 10:50
Amrun,31/07/2024 10:50,"-12.95715218, 141.62619699",20x40,80,140,140,South Cell,Could not penetrate ,0,MM43,Joe Johanson,H-60,1,31/07/2024 10:51,VS,,31/07/2024 10:51
Amrun,31/07/2024 9:52,"-12.95724871, 141.62498532",20x40,10,44,44,South Cell,,0,MM43,Joe Johanson,H-60,1,31/07/2024 9:52,VS,,31/07/2024 9:52
Amrun,31/07/2024 9:52,"-12.95724871, 141.62498532",20x40,50,140,140,South Cell,Could not penetrate ,0,MM43,Joe Johanson,H-60,1,31/07/2024 9:52,VS,,31/07/2024 9:52
Amrun,31/07/2024 9:52,"-12.95724871, 141.62498532",20x40,80,140,140,South Cell,Could not penetrate ,0,MM43,Joe Johanson,H-60,1,31/07/2024 9:53,VS,,31/07/2024 9:53
Amrun,31/07/2024 9:10,"-12.95726813, 141.62384721",20x40,80,140,140,South Cell,Could not penetrate ,0,MM43,Joe Johanson,H-60,1,31/07/2024 9:10,VS,,31/07/2024 9:10
Amrun,31/07/2024 9:09,"-12.95726813, 141.62384721",20x40,20,20,20,South Cell,,0,MM43,Joe Johanson,H-60,1,31/07/2024 9:09,VS,,31/07/2024 9:09
Amrun,31/07/2024 9:09,"-12.95726813, 141.62384721",20x40,50,18,18,South Cell,,0,MM43,Joe Johanson,H-60,1,31/07/2024 9:10,VS,,31/07/2024 9:10
Amrun,31/07/2024 8:37,"-12.95777336, 141.62362145",20x40,50,12,12,South Cell,,0,MM43,Joe Johanson,H-60,1,31/07/2024 8:37,VS,,31/07/2024 8:37
Amrun,31/07/2024 8:37,"-12.95777336, 141.62362145",20x40,80,10,10,South Cell,,0,MM43,Joe Johanson,H-60,1,31/07/2024 8:38,VS,,31/07/2024 8:38
Amrun,31/07/2024 8:36,"-12.95777336, 141.62362145",20x40,20,16,16,South Cell,,0,MM43,Joe Johanson,H-60,1,31/07/2024 8:37,VS,,31/07/2024 8:37
Amrun,31/07/2024 7:48,"-12.95851282, 141.62325117",20x40,80,20,20,South Cell,,0,MM43,Joe Johanson,H-60,1,31/07/2024 7:48,VS,,31/07/2024 7:48
Amrun,31/07/2024 7:47,"-12.95851282, 141.62325117",20x40,20,14,14,South Cell,,0,MM43,Joe Johanson,H-60,1,31/07/2024 7:47,VS,,31/07/2024 7:47
Amrun,31/07/2024 7:47,"-12.95851282, 141.62325117",20x40,50,30,30,South Cell,,0,MM43,Joe Johanson,H-60,1,31/07/2024 7:48,VS,,31/07/2024 7:48
Amrun,31/07/2024 7:25,"-12.95933313, 141.62360584",20x40,50,24,24,South Cell,,0,MM43,Joe Johanson,H-60,1,31/07/2024 7:25,VS,,31/07/2024 7:25
Amrun,31/07/2024 7:25,"-12.95933313, 141.62360584",20x40,80,20,20,South Cell,,0,MM43,Joe Johanson,H-60,1,31/07/2024 7:26,VS,,31/07/2024 7:26
Amrun,31/07/2024 7:24,"-12.95933313, 141.62360584",20x40,20,12,12,South Cell,,0,MM43,Joe Johanson,H-60,1,31/07/2024 7:25,VS,,31/07/2024 7:25
Amrun,29/07/2024 15:58,"-12.95672954, 141.63371946",20x40,50,12,12,South Cell,,0,MM43,Joe Johanson,H-60,1,29/07/2024 15:58,VS,,29/07/2024 15:58
Amrun,29/07/2024 15:58,"-12.95672954, 141.63371946",20x40,80,40,40,South Cell,,0,MM43,Joe Johanson,H-60,1,29/07/2024 15:58,VS,,29/07/2024 15:58
Amrun,29/07/2024 15:57,"-12.95672954, 141.63371946",20x40,20,6,6,South Cell,,0,MM43,Joe Johanson,H-60,1,29/07/2024 15:58,VS,,29/07/2024 15:58
Amrun,29/07/2024 15:20,"-12.95662034, 141.63484882",20x40,50,12,12,South Cell,,0,MM43,Joe Johanson,H-60,1,29/07/2024 15:20,VS,,29/07/2024 15:20
Amrun,29/07/2024 15:20,"-12.95662034, 141.63484882",20x40,80,20,20,South Cell,,0,MM43,Joe Johanson,H-60,1,29/07/2024 15:20,VS,,29/07/2024 15:20
Amrun,29/07/2024 15:19,"-12.95662034, 141.63484882",20x40,20,6,6,South Cell,,0,MM43,Joe Johanson,H-60,1,29/07/2024 15:20,VS,,29/07/2024 15:20
Amrun,29/07/2024 13:19,"-12.9583357, 141.63993807",20x40,50,0,0,South Cell,,0,MM43,Joe Johanson,H-60,1,29/07/2024 13:19,VS,,29/07/2024 13:19
Amrun,29/07/2024 13:19,"-12.9583357, 141.63993807",20x40,80,2,2,South Cell,,0,MM43,Joe Johanson,H-60,1,29/07/2024 13:19,VS,,29/07/2024 13:19
Amrun,29/07/2024 13:16,"-12.9583357, 141.63993807",20x40,20,0,0,South Cell,,0,MM43,Joe Johanson,H-60,1,29/07/2024 13:18,VS,,29/07/2024 13:18
Amrun,28/07/2024 9:37,"-12.96307166, 141.63970317",20x40,50,76,76,South Cell,,0,MM43,Joe Johanson,H-60,1,28/07/2024 9:37,VS,,28/07/2024 9:37
Amrun,28/07/2024 9:37,"-12.96307166, 141.63970317",20x40,80,140,140,South Cell,Could not penetrate ,0,MM43,Joe Johanson,H-60,1,28/07/2024 9:38,VS,,28/07/2024 9:38
Amrun,28/07/2024 9:36,"-12.96300835, 141.63979424",20x40,20,24,24,South Cell,,0,MM43,Joe Johanson,H-60,1,28/07/2024 9:37,VS,,28/07/2024 9:37
Amrun,27/07/2024 16:30,"-12.95703645, 141.6283772",20x40,80,50,50,South Cell,,0,MM43,Joe Johanson,H-60,1,27/07/2024 16:30,VS,,27/07/2024 16:30
Amrun,27/07/2024 16:29,"-12.95703645, 141.6283772",20x40,20,4,4,South Cell,,0,MM43,Joe Johanson,H-60,1,27/07/2024 16:29,VS,,27/07/2024 16:29
Amrun,27/07/2024 16:29,"-12.95703645, 141.6283772",20x40,50,18,18,South Cell,,0,MM43,Joe Johanson,H-60,1,27/07/2024 16:30,VS,,27/07/2024 16:30
Amrun,27/07/2024 15:39,"-12.95710889, 141.62732042",20x40,50,140,140,South Cell,Could not penetrate ,0,MM43,Joe Johanson,H-60,1,27/07/2024 15:39,VS,,27/07/2024 15:39
Amrun,27/07/2024 15:39,"-12.95710889, 141.62732042",20x40,80,140,140,South Cell,Could not penetrate ,0,MM43,Joe Johanson,H-60,1,27/07/2024 15:39,VS,,27/07/2024 15:39
Amrun,27/07/2024 15:38,"-12.95710889, 141.62732042",20x40,20,32,32,South Cell,,0,MM43,Joe Johanson,H-60,1,27/07/2024 15:39,VS,,27/07/2024 15:39
Amrun,27/07/2024 15:02,"-12.95719696, 141.62620917",20x40,50,12,12,South Cell,,0,MM43,Joe Johanson,H-60,1,27/07/2024 15:02,VS,,27/07/2024 15:02
Amrun,27/07/2024 15:02,"-12.95719696, 141.62620917",20x40,80,50,50,South Cell,,0,MM43,Joe Johanson,H-60,1,27/07/2024 15:03,VS,,27/07/2024 15:03
Amrun,27/07/2024 15:01,"-12.95719696, 141.62620917",20x40,20,10,10,South Cell,,0,MM43,Joe Johanson,H-60,1,27/07/2024 15:02,VS,,27/07/2024 15:02
Amrun,27/07/2024 14:09,"-12.95722504, 141.62522041",20x40,50,140,140,South Cell,Could not penetrate ,0,MM43,Joe Johanson,H-60,1,27/07/2024 14:09,VS,,27/07/2024 14:09
Amrun,27/07/2024 14:09,"-12.95722504, 141.62522041",20x40,80,140,140,South Cell,Could not penetrate ,0,MM43,Joe Johanson,H-60,1,27/07/2024 14:10,VS,,27/07/2024 14:10
Amrun,27/07/2024 14:08,"-12.95722504, 141.62522041",20x40,20,92,92,South Cell,,0,MM43,Joe Johanson,H-60,1,27/07/2024 14:09,VS,,27/07/2024 14:09
Amrun,27/07/2024 13:40,"-12.95734951, 141.62371318",20x40,80,140,140,South Cell,Could not penetrate ,0,MM43,Joe Johanson,H-60,1,27/07/2024 13:40,VS,,27/07/2024 13:40
Amrun,27/07/2024 13:39,"-12.95734951, 141.62371318",20x40,20,12,12,South Cell,,0,MM43,Joe Johanson,H-60,1,27/07/2024 13:39,VS,,27/07/2024 13:39
Amrun,27/07/2024 13:39,"-12.95734951, 141.62371318",20x40,50,26,26,South Cell,,0,MM43,Joe Johanson,H-60,1,27/07/2024 13:40,VS,,27/07/2024 13:40
Amrun,27/07/2024 13:21,"-12.95775284, 141.62317137",20x40,80,26,26,South Cell,,0,MM43,Joe Johanson,H-60,1,27/07/2024 13:21,VS,,27/07/2024 13:21
Amrun,27/07/2024 13:20,"-12.95775284, 141.62317137",20x40,20,18,18,South Cell,,0,MM43,Joe Johanson,H-60,1,27/07/2024 13:20,VS,,27/07/2024 13:20
Amrun,27/07/2024 13:20,"-12.95775284, 141.62317137",20x40,50,22,22,South Cell,,0,MM43,Joe Johanson,H-60,1,27/07/2024 13:21,VS,,27/07/2024 13:21
Amrun,27/07/2024 12:41,"-12.95838525, 141.62316454",20x40,50,42,42,South Cell,,0,MM43,Joe Johanson,H-60,1,27/07/2024 12:41,VS,,27/07/2024 12:41
Amrun,27/07/2024 12:41,"-12.95838525, 141.62316454",20x40,80,32,32,South Cell,,0,MM43,Joe Johanson,H-60,1,27/07/2024 12:41,VS,,27/07/2024 12:41
Amrun,27/07/2024 12:40,"-12.95838525, 141.62316454",20x40,20,26,26,South Cell,,0,MM43,Joe Johanson,H-60,1,27/07/2024 12:41,VS,,27/07/2024 12:41
Amrun,27/07/2024 12:23,"-12.95927926, 141.62313386",20x40,80,14,14,South Cell,,0,MM43,Joe Johanson,H-60,1,27/07/2024 12:23,VS,,27/07/2024 12:23
Amrun,27/07/2024 12:22,"-12.95927926, 141.62313386",20x40,50,22,22,South Cell,,0,MM43,Joe Johanson,H-60,1,27/07/2024 12:23,VS,,27/07/2024 12:23
Amrun,27/07/2024 12:21,"-12.95927926, 141.62313386",20x40,20,18,18,South Cell,,0,MM43,Joe Johanson,H-60,1,27/07/2024 12:22,VS,,27/07/2024 12:22
Amrun,26/07/2024 10:54,"-12.96263113, 141.63983257",20x40,20,32,32,South Cell,,0,MM43,Joe Johanson,H-60,1,26/07/2024 10:54,VS,,26/07/2024 10:54
Amrun,26/07/2024 10:54,"-12.96263113, 141.63983257",20x40,50,60,60,South Cell,,0,MM43,Joe Johanson,H-60,1,26/07/2024 10:54,VS,,26/07/2024 10:54
Amrun,26/07/2024 10:54,"-12.96263113, 141.63983257",20x40,80,140,140,South Cell,Could not penetrate ,0,MM43,Joe Johanson,H-60,1,26/07/2024 10:55,VS,,26/07/2024 10:55
Amrun,26/07/2024 9:39,"-12.96101528, 141.64005333",20x40,20,20,20,South Cell,,0,MM43,Joe Johanson,H-60,1,26/07/2024 9:39,VS,,26/07/2024 9:39
Amrun,26/07/2024 9:39,"-12.96101528, 141.64005333",20x40,50,20,20,South Cell,,0,MM43,Joe Johanson,H-60,1,26/07/2024 9:39,VS,,26/07/2024 9:39
Amrun,26/07/2024 9:39,"-12.96101528, 141.64005333",20x40,80,60,60,South Cell,,0,MM43,Joe Johanson,H-60,1,26/07/2024 9:40,VS,,26/07/2024 9:40
Amrun,26/07/2024 9:38,"-12.94876191, 141.63614261",20x40,20,20,20,South Cell,,0,MM43,Joe Johanson,H-60,1,26/07/2024 9:38,VS,,26/07/2024 9:38
Amrun,26/07/2024 9:14,"-12.95967181, 141.63983448",20x40,20,0,0,South Cell,,0,MM43,Joe Johanson,H-60,1,26/07/2024 9:14,VS,,26/07/2024 9:14
Amrun,26/07/2024 9:14,"-12.95967181, 141.63983448",20x40,50,2,2,South Cell,,0,MM43,Joe Johanson,H-60,1,26/07/2024 9:14,VS,,26/07/2024 9:14
Amrun,26/07/2024 9:14,"-12.95967181, 141.63983448",20x40,80,12,12,South Cell,,0,MM43,Joe Johanson,H-60,1,26/07/2024 9:15,VS,,26/07/2024 9:15
Amrun,26/07/2024 8:14,"-12.95633152, 141.6381664",20x40,50,2,2,South Cell,,0,MM43,Joe Johanson,H-60,1,26/07/2024 8:14,VS,,26/07/2024 8:14
Amrun,26/07/2024 8:14,"-12.95633152, 141.6381664",20x40,80,8,8,South Cell,,0,MM43,Joe Johanson,H-60,1,26/07/2024 8:14,VS,,26/07/2024 8:14
Amrun,26/07/2024 8:13,"-12.95633152, 141.6381664",20x40,20,0,0,South Cell,,0,MM43,Joe Johanson,H-60,1,26/07/2024 8:14,VS,,26/07/2024 8:14
Amrun,25/07/2024 14:10,"-12.9563209, 141.63937803",20x40,20,2,2,South Cell,,0,MM43,Joe Johanson,H-60,1,25/07/2024 14:10,VS,,25/07/2024 14:10
Amrun,25/07/2024 14:10,"-12.9563209, 141.63937803",20x40,50,6,6,South Cell,,0,MM43,Joe Johanson,H-60,1,25/07/2024 14:10,VS,,25/07/2024 14:10
Amrun,25/07/2024 14:10,"-12.9563209, 141.63937803",20x40,80,14,14,South Cell,,0,MM43,Joe Johanson,H-60,1,25/07/2024 14:11,VS,,25/07/2024 14:11
Amrun,25/07/2024 13:26,"-12.95647607, 141.63703803",20x40,50,2,2,South Cell,,0,MM43,Joe Johanson,H-60,1,25/07/2024 13:26,VS,,25/07/2024 13:26
Amrun,25/07/2024 13:26,"-12.95647607, 141.63703803",20x40,80,10,10,South Cell,,0,MM43,Joe Johanson,H-60,1,25/07/2024 13:27,VS,,25/07/2024 13:27
Amrun,25/07/2024 13:25,"-12.95647607, 141.63703803",20x40,20,0,0,South Cell,,0,MM43,Joe Johanson,H-60,1,25/07/2024 13:26,VS,,25/07/2024 13:26
Amrun,25/07/2024 12:16,"-12.95662845, 141.63577671",20x40,50,8,8,South Cell,,0,MM43,Joe Johanson,H-60,1,25/07/2024 12:16,VS,,25/07/2024 12:16
Amrun,25/07/2024 12:16,"-12.95663842, 141.63579618",20x40,80,10,10,South Cell,,0,MM43,Joe Johanson,H-60,1,25/07/2024 12:17,VS,,25/07/2024 12:17
Amrun,25/07/2024 12:15,"-12.95662558, 141.63579096",20x40,20,2,2,South Cell,,0,MM43,Joe Johanson,H-60,1,25/07/2024 12:16,VS,,25/07/2024 12:16
Amrun,24/07/2024 11:27,"-12.9571542, 141.62611394",20x40,50,18,18,South Cell,,0,MM43,Joe Johanson,H-60,1,24/07/2024 11:27,VS,,24/07/2024 11:27
Amrun,24/07/2024 11:27,"-12.9571542, 141.62611394",20x40,80,140,140,South Cell,Could not penetrate.,0,MM43,Joe Johanson,H-60,1,24/07/2024 11:28,VS,,24/07/2024 11:28
Amrun,24/07/2024 11:26,"-12.9571357, 141.62613667",20x40,20,32,32,South Cell,,0,MM43,Joe Johanson,H-60,1,24/07/2024 11:27,VS,,24/07/2024 11:27
Amrun,24/07/2024 10:42,"-12.95708328, 141.62735555",20x40,50,36,36,South Cell,,0,MM43,Joe Johanson,H-60,1,24/07/2024 10:42,VS,,24/07/2024 10:42
Amrun,24/07/2024 10:42,"-12.95708328, 141.62735555",20x40,80,68,68,South Cell,,0,MM43,Joe Johanson,H-60,1,24/07/2024 10:42,VS,,24/07/2024 10:42
Amrun,24/07/2024 10:41,"-12.95708328, 141.62735555",20x40,20,14,14,South Cell,,0,MM43,Joe Johanson,H-60,1,24/07/2024 10:42,VS,,24/07/2024 10:42
Amrun,24/07/2024 10:13,"-12.95727786, 141.6251884",20x40,80,80,80,South Cell,,0,MM43,Joe Johanson,H-60,1,24/07/2024 10:13,VS,,24/07/2024 10:13
Amrun,24/07/2024 10:12,"-12.95727786, 141.6251884",20x40,20,22,22,South Cell,,0,MM43,Joe Johanson,H-60,1,24/07/2024 10:12,VS,,24/07/2024 10:12
Amrun,24/07/2024 10:12,"-12.95727786, 141.6251884",20x40,50,50,50,South Cell,,0,MM43,Joe Johanson,H-60,1,24/07/2024 10:13,VS,,24/07/2024 10:13
Amrun,24/07/2024 9:41,"-12.95727164, 141.62392785",20x40,50,26,26,South Cell,,0,MM43,Joe Johanson,H-60,1,24/07/2024 9:41,VS,,24/07/2024 9:41
Amrun,24/07/2024 9:41,"-12.95727164, 141.62392785",20x40,80,26,26,South Cell,,0,MM43,Joe Johanson,H-60,1,24/07/2024 9:42,VS,,24/07/2024 9:42
Amrun,24/07/2024 9:40,"-12.95727164, 141.62392785",20x40,20,10,10,South Cell,,0,MM43,Joe Johanson,H-60,1,24/07/2024 9:41,VS,,24/07/2024 9:41
Amrun,24/07/2024 9:08,"-12.95852888, 141.62331635",20x40,50,42,42,South Cell,,0,MM43,Joe Johanson,H-60,1,24/07/2024 9:08,VS,,24/07/2024 9:08
Amrun,24/07/2024 9:08,"-12.95852144, 141.62331568",20x40,80,16,16,South Cell,,0,MM43,Joe Johanson,H-60,1,24/07/2024 9:08,VS,,24/07/2024 9:08
Amrun,24/07/2024 9:07,"-12.95852095, 141.62329716",20x40,20,26,26,South Cell,,0,MM43,Joe Johanson,H-60,1,24/07/2024 9:08,VS,,24/07/2024 9:08
Amrun,24/07/2024 8:30,"-12.95800111, 141.62350155",20x40,50,18,18,South Cell,,0,MM43,Joe Johanson,H-60,1,24/07/2024 8:30,VS,,24/07/2024 8:30
Amrun,24/07/2024 8:30,"-12.95800111, 141.62350155",20x40,80,10,10,South Cell,,0,MM43,Joe Johanson,H-60,1,24/07/2024 8:31,VS,,24/07/2024 8:31
Amrun,24/07/2024 8:29,"-12.95800111, 141.62350155",20x40,20,14,14,South Cell,,0,MM43,Joe Johanson,H-60,1,24/07/2024 8:30,VS,,24/07/2024 8:30
Amrun,30/06/2024 14:59,"15.70506° S, 142.97070° E",20x40,80,64,64,South Cell,,0,MM43,Joe Johanson,H-60,1,30/06/2024 15:00,VS,,30/06/2024 15:00
Amrun,30/06/2024 14:58,"15.70506° S, 142.97070° E",20x40,50,8,8,South Cell,,0,MM43,Joe Johanson,H-60,1,30/06/2024 14:59,VS,,30/06/2024 14:59
Amrun,30/06/2024 14:57,"15.70506° S, 142.97070° E",20x40,20,4,4,South Cell,,0,MM43,Joe Johanson,H-60,1,30/06/2024 14:58,VS,,30/06/2024 14:58
Amrun,29/06/2024 14:50,"12.97324° S, 141.63630° E",20x40,50,8,8,South Cell,Back left,0,MM43,Joe Johanson,H-60,1,29/06/2024 14:50,VS,,29/06/2024 14:50
Amrun,29/06/2024 14:50,"12.97324° S, 141.63630° E",20x40,80,16,16,South Cell,Back left ,0,MM43,Joe Johanson,H-60,1,29/06/2024 14:50,VS,,29/06/2024 14:50
Amrun,29/06/2024 14:49,"12.97324° S, 141.63630° E",20x40,80,8,8,South Cell,Front left ,0,MM43,Joe Johanson,H-60,1,29/06/2024 14:49,VS,,29/06/2024 14:49
Amrun,29/06/2024 14:49,"12.97324° S, 141.63630° E",20x40,20,24,24,South Cell,Back left ,0,MM43,Joe Johanson,H-60,1,29/06/2024 14:49,VS,,29/06/2024 14:49
Amrun,29/06/2024 14:48,"12.97324° S, 141.63630° E",20x40,20,16,16,South Cell,Front left ,0,MM43,Joe Johanson,H-60,1,29/06/2024 14:48,VS,,29/06/2024 14:48
Amrun,29/06/2024 14:48,"12.97324° S, 141.63630° E",20x40,50,8,8,South Cell,Front left ,0,MM43,Joe Johanson,H-60,1,29/06/2024 14:49,VS,,29/06/2024 14:49
Amrun,29/06/2024 14:47,"12.97324° S, 141.63630° E",20x40,20,12,12,South Cell,Front right ,0,MM43,Joe Johanson,H-60,1,29/06/2024 14:47,VS,,29/06/2024 14:47
Amrun,29/06/2024 14:47,"12.97324° S, 141.63630° E",20x40,50,4,4,South Cell,Front right ,0,MM43,Joe Johanson,H-60,1,29/06/2024 14:47,VS,,29/06/2024 14:47
Amrun,29/06/2024 14:47,"12.97324° S, 141.63630° E",20x40,80,10,10,South Cell,Front right ,0,MM43,Joe Johanson,H-60,1,29/06/2024 14:48,VS,,29/06/2024 14:48
Amrun,29/06/2024 14:46,"12.97324° S, 141.63630° E",20x40,50,18,18,South Cell,Back right ,0,MM43,Joe Johanson,H-60,1,29/06/2024 14:46,VS,,29/06/2024 14:46
Amrun,29/06/2024 14:46,"12.97324° S, 141.63630° E",20x40,80,16,16,South Cell,Back right ,0,MM43,Joe Johanson,H-60,1,29/06/2024 14:47,VS,,29/06/2024 14:47
Amrun,29/06/2024 14:44,"12.97324° S, 141.63630° E",20x40,20,10,10,South Cell,Back right ,0,MM43,Joe Johanson,H-60,1,29/06/2024 14:46,VS,,29/06/2024 14:46
Amrun,28/06/2024 14:51,"12.97186° S, 141.63793° E",20x40,50,48,48,South Cell,Back left,0,MM43,Joe Johanson,H-60,1,28/06/2024 14:51,VS,,28/06/2024 14:51
Amrun,28/06/2024 14:51,"12.97186° S, 141.63793° E",20x40,80,62,62,South Cell,Back left ,0,MM43,Joe Johanson,H-60,1,28/06/2024 14:52,VS,,28/06/2024 14:52
Amrun,28/06/2024 14:50,"12.97186° S, 141.63793° E",20x40,50,44,44,South Cell,Front left,0,MM43,Joe Johanson,H-60,1,28/06/2024 14:50,VS,,28/06/2024 14:50
Amrun,28/06/2024 14:50,"12.97186° S, 141.63793° E",20x40,80,14,14,South Cell,Front left,0,MM43,Joe Johanson,H-60,1,28/06/2024 14:50,VS,,28/06/2024 14:50
Amrun,28/06/2024 14:50,"12.97186° S, 141.63793° E",20x40,20,26,26,South Cell,Back left,0,MM43,Joe Johanson,H-60,1,28/06/2024 14:51,VS,,28/06/2024 14:51
Amrun,28/06/2024 14:49,"12.97186° S, 141.63793° E",20x40,80,70,70,South Cell,Front right,0,MM43,Joe Johanson,H-60,1,28/06/2024 14:49,VS,,28/06/2024 14:49
Amrun,28/06/2024 14:49,"12.97186° S, 141.63793° E",20x40,20,16,16,South Cell,Front left,0,MM43,Joe Johanson,H-60,1,28/06/2024 14:50,VS,,28/06/2024 14:50
Amrun,28/06/2024 14:48,"12.97186° S, 141.63793° E",20x40,20,10,10,South Cell,Front right line ,0,MM43,Joe Johanson,H-60,1,28/06/2024 14:48,VS,,28/06/2024 14:48
Amrun,28/06/2024 14:48,"12.97186° S, 141.63793° E",20x40,50,40,40,South Cell,Front right,0,MM43,Joe Johanson,H-60,1,28/06/2024 14:49,VS,,28/06/2024 14:49
Amrun,28/06/2024 14:47,"12.97186° S, 141.63793° E",20x40,50,24,24,South Cell,Back rear scroll line,0,MM43,Joe Johanson,H-60,1,28/06/2024 14:47,VS,,28/06/2024 14:47
Amrun,28/06/2024 14:47,"12.97186° S, 141.63793° E",20x40,80,36,36,South Cell,Back rear scroll line ,0,MM43,Joe Johanson,H-60,1,28/06/2024 14:48,VS,,28/06/2024 14:48
Amrun,28/06/2024 14:45,"12.97186° S, 141.63793° E",20x40,20,10,10,South Cell,Back rear scroll line ,0,MM43,Joe Johanson,H-60,1,28/06/2024 14:47,VS,,28/06/2024 14:47
Amrun,7/05/2024 10:24,"-12.958518, 141.629414",20x40,40,0,0,South Cell,,0,MM43,Joe Johanson,H-60,1,7/05/2024 10:24,VS,,7/05/2024 10:24
Amrun,7/05/2024 10:22,"-12.958518, 141.629414",20x40,20,0,0,South Cell,,0,MM43,Joe Johanson,H-60,1,7/05/2024 10:24,VS,,7/05/2024 10:24
Amrun,7/05/2024 10:14,"-12.958475, 141.629396",20x40,55,100,100,South Cell,,0,MM43,Joe Johanson,H-60,1,7/05/2024 10:15,VS,,7/05/2024 10:15
Amrun,7/05/2024 10:13,"-12.958475, 141.629396",20x40,31,27,27,South Cell,,0,MM43,Joe Johanson,H-60,1,7/05/2024 10:14,VS,,7/05/2024 10:14
Amrun,12/04/2024 14:49,"12.94803° S, 141.62086° E",20x40,35,100,100,North Cell,Front right scroll could not penetrate deeper,0,MM43,Joe Johanson,H-60,1,12/04/2024 14:50,VS,,12/04/2024 14:50
Amrun,12/04/2024 14:48,"12.94803° S, 141.62086° E",20x40,20,20,20,North Cell,Front right scroll,0,MM43,Joe Johanson,H-60,1,12/04/2024 14:49,VS,,12/04/2024 14:49
Amrun,12/04/2024 14:47,"12.94803° S, 141.62086° E",20x40,20,36,36,North Cell,"Front left scroll, could not penetrate deeper",0,MM43,Joe Johanson,H-60,1,12/04/2024 14:48,VS,,12/04/2024 14:48
Amrun,10/04/2024 14:56,"12.94195° S, 141.63628° E",20x40,50,26,26,North Cell,Front left scroll,0,MM43,Joe Johanson,H-60,1,10/04/2024 14:56,VS,,10/04/2024 14:56
Amrun,10/04/2024 14:56,"12.94195° S, 141.63628° E",20x40,70,44,44,North Cell,Front left scroll can't go deeper ,0,MM43,Joe Johanson,H-60,1,10/04/2024 14:56,VS,,10/04/2024 14:56
Amrun,10/04/2024 14:55,"12.94195° S, 141.63628° E",20x40,80,32,32,North Cell,Front right scroll,0,MM43,Joe Johanson,H-60,1,10/04/2024 14:55,VS,,10/04/2024 14:55
Amrun,10/04/2024 14:55,"12.94195° S, 141.63628° E",20x40,20,42,42,North Cell,Front left scroll,0,MM43,Joe Johanson,H-60,1,10/04/2024 14:56,VS,,10/04/2024 14:56
Amrun,10/04/2024 14:54,"12.94195° S, 141.63628° E",20x40,20,40,40,North Cell,Front right scroll ,0,MM43,Joe Johanson,H-60,1,10/04/2024 14:54,VS,,10/04/2024 14:54
Amrun,10/04/2024 14:54,"12.94195° S, 141.63628° E",20x40,50,30,30,North Cell,Front right scroll,0,MM43,Joe Johanson,H-60,1,10/04/2024 14:55,VS,,10/04/2024 14:55
Amrun,10/04/2024 14:53,"12.94195° S, 141.63628° E",20x40,30,36,36,North Cell,Back right scroll couldn't go deeper ,0,MM43,Joe Johanson,H-60,1,10/04/2024 14:53,VS,,10/04/2024 14:53
Amrun,10/04/2024 14:53,"12.94195° S, 141.63628° E",20x40,20,32,32,North Cell,Back left scroll can't go deeper,0,MM43,Joe Johanson,H-60,1,10/04/2024 14:54,VS,,10/04/2024 14:54
Amrun,10/04/2024 14:52,"12.94195° S, 141.63628° E",20x40,20,34,34,North Cell,Back right scroll,0,MM43,Joe Johanson,H-60,1,10/04/2024 14:53,VS,,10/04/2024 14:53
Amrun,8/04/2024 13:18,"12.95241° S, 141.63323° E",20x40,80,0,0,North Cell,Can't get the shear vane that far down ,0,MM43,Joe Johanson,H-60,1,8/04/2024 13:18,VS,,8/04/2024 13:18
Amrun,8/04/2024 13:17,"12.95241° S, 141.63323° E",20x40,40,42,42,North Cell,,0,MM43,Joe Johanson,H-60,1,8/04/2024 13:17,VS,,8/04/2024 13:17
Amrun,8/04/2024 13:17,"12.95241° S, 141.63323° E",20x40,65,38,38,North Cell,,0,MM43,Joe Johanson,H-60,1,8/04/2024 13:18,VS,,8/04/2024 13:18
Amrun,8/04/2024 13:16,"12.95241° S, 141.63323° E",20x40,20,28,28,North Cell,,0,MM43,Joe Johanson,H-60,1,8/04/2024 13:17,VS,,8/04/2024 13:17
Amrun,7/04/2024 14:46,"15.70506° S, 142.97070° E",20x40,40,96,96,North Cell,,0,MM43,Joe Johanson,H-60,1,7/04/2024 14:46,VS,,7/04/2024 14:46
Amrun,7/04/2024 14:46,"15.70506° S, 142.97070° E",18x32,50,0,0,North Cell,Unable to push vane sheer down to 50cm,0,MM43,Joe Johanson,H-60,2,7/04/2024 14:47,VS,,7/04/2024 14:47
Amrun,7/04/2024 14:45,"15.70506° S, 142.97070° E",20x40,20,46,46,North Cell,,0,MM43,Joe Johanson,H-60,1,7/04/2024 14:46,VS,,7/04/2024 14:46
Amrun,5/04/2024 15:37,"12.94375° S, 141.63845° E",20x40,70,62,62,North Cell,,0,MM43,Joe Johanson,H-60,1,5/04/2024 15:37,VS,,5/04/2024 15:37
Amrun,5/04/2024 15:35,"12.94375° S, 141.63845° E",20x40,30,20,20,North Cell,,0,MM43,Joe Johanson,H-60,1,5/04/2024 15:37,VS,,5/04/2024 15:37
Amrun,17/03/2024 14:42,"15.70506° S, 142.97070° E",20x40,95,30,30,North Cell,,0,MM43,Joe Johanson,H-60,1,17/03/2024 14:42,VS,,17/03/2024 14:42
Amrun,17/03/2024 14:41,"15.70506° S, 142.97070° E",20x40,50,20,20,North Cell,,0,MM43,Joe Johanson,H-60,1,17/03/2024 14:41,VS,,17/03/2024 14:41
Amrun,17/03/2024 14:41,"15.70506° S, 142.97070° E",20x40,80,20,20,North Cell,,0,MM43,Joe Johanson,H-60,1,17/03/2024 14:42,VS,,17/03/2024 14:42
Amrun,17/03/2024 14:40,"15.70506° S, 142.97070° E",20x40,20,10,10,North Cell,,0,MM43,Joe Johanson,H-60,1,17/03/2024 14:41,VS,,17/03/2024 14:41
Amrun,16/03/2024 14:40,"12.94222° S, 141.63714° E",20x40,50,21,21,North Cell,,0,MM43,Joe Johanson,H-60,1,16/03/2024 14:40,VS,,16/03/2024 14:40
Amrun,16/03/2024 14:40,"12.94222° S, 141.63714° E",20x40,80,40,40,North Cell,,0,MM43,Joe Johanson,H-60,1,16/03/2024 14:40,VS,,16/03/2024 14:40
Amrun,16/03/2024 14:40,"12.94222° S, 141.63714° E",20x40,120,26,26,North Cell,,0,MM43,Joe Johanson,H-60,1,16/03/2024 14:41,VS,,16/03/2024 14:41
Amrun,16/03/2024 14:39,"12.94222° S, 141.63714° E",20x40,20,14,14,North Cell,,0,MM43,Joe Johanson,H-60,1,16/03/2024 14:40,VS,,16/03/2024 14:40
Amrun,14/03/2024 14:41,"15.70506° S, 142.97070° E",20x40,80,38,38,North Cell,,0,MM43,Joe Johanson,H-60,1,14/03/2024 14:41,VS,,14/03/2024 14:41
Amrun,14/03/2024 14:40,"15.70506° S, 142.97070° E",20x40,50,22,22,North Cell,,0,MM43,Joe Johanson,H-60,1,14/03/2024 14:41,VS,,14/03/2024 14:41
Amrun,14/03/2024 14:39,"15.70506° S, 142.97070° E",20x40,20,40,40,North Cell,,0,MM43,Joe Johanson,H-60,1,14/03/2024 14:40,VS,,14/03/2024 14:40
Amrun,13/03/2024 14:43,"12.94583° S, 141.62168° E",20x40,25,55,55,North Cell,,0,MM43,Joe Johanson,H-60,1,13/03/2024 14:43,VS,,13/03/2024 14:43
Amrun,13/03/2024 14:42,"12.94583° S, 141.62168° E",20x40,20,44,44,North Cell,,0,MM43,Joe Johanson,H-60,1,13/03/2024 14:43,VS,,13/03/2024 14:43
Amrun,11/03/2024 14:05,"15.70506° S, 142.97070° E",20x40,50,70,70,North Cell,,0,MM43,Joe Johanson,H-60,1,11/03/2024 14:06,VS,,11/03/2024 14:06
Amrun,11/03/2024 14:04,"15.70506° S, 142.97070° E",20x40,20,20,20,North Cell,,0,MM43,Joe Johanson,H-60,1,11/03/2024 14:05,VS,,11/03/2024 14:05
Amrun,9/03/2024 15:27,"12.95084° S, 141.63956° E",20x40,50,30,30,North Cell,,0,MM43,Joe Johanson,H-60,1,9/03/2024 15:27,VS,,9/03/2024 15:27
Amrun,9/03/2024 15:27,"12.95084° S, 141.63956° E",20x40,80,30,30,North Cell,,0,MM43,Joe Johanson,H-60,1,9/03/2024 15:27,VS,,9/03/2024 15:27
Amrun,9/03/2024 15:26,"12.95084° S, 141.63956° E",20x40,20,22,22,North Cell,,0,MM43,Joe Johanson,H-60,1,9/03/2024 15:27,VS,,9/03/2024 15:27
Amrun,6/03/2024 14:54,"12.95209° S, 141.63899° E",20x40,33,46,46,North Cell,,0,MM43,Joe Johanson,H-60,1,6/03/2024 14:54,VS,,6/03/2024 14:54
Amrun,6/03/2024 14:53,"12.95209° S, 141.63899° E",20x40,20,14,14,North Cell,,0,MM43,Joe Johanson,H-60,1,6/03/2024 14:54,VS,,6/03/2024 14:54
Amrun,17/02/2024 14:47,"-12.965588, 141.639722",20x40,50,54,54,South Cell,,0,MM43,Joe Johanson,H-60,1,17/02/2024 14:47,VS,,17/02/2024 14:47
Amrun,17/02/2024 14:47,"-12.965588, 141.639722",20x40,60,60,60,South Cell,,0,MM43,Joe Johanson,H-60,1,17/02/2024 14:48,VS,,17/02/2024 14:48
Amrun,17/02/2024 14:44,"-12.965588, 141.639722",20x40,20,11,11,South Cell,In scroll line,0,MM43,Joe Johanson,H-60,1,17/02/2024 14:47,VS,,17/02/2024 14:47
Amrun,15/02/2024 14:51,"-12.941532, 141.636419",20x40,80,18,18,North Cell,,0,MM43,Joe Johanson,H-60,1,15/02/2024 14:51,VS,,15/02/2024 14:51
Amrun,15/02/2024 14:50,"-12.941532, 141.636419",20x40,50,12,12,North Cell,,0,MM43,Joe Johanson,H-60,1,15/02/2024 14:50,VS,,15/02/2024 14:50
Amrun,15/02/2024 14:47,"-12.941532, 141.636419",20x40,20,8,8,North Cell,,0,MM43,Joe Johanson,H-60,1,15/02/2024 14:50,VS,,15/02/2024 14:50
Amrun,14/02/2024 14:48,"-12.946963, 141.639778",20x40,50,18,18,North Cell,,0,MM43,Joe Johanson,H-60,1,14/02/2024 14:48,VS,,14/02/2024 14:48
Amrun,14/02/2024 14:48,"-12.946963, 141.639778",20x40,20,18,18,North Cell,,0,MM43,Joe Johanson,H-60,1,14/02/2024 14:49,VS,,14/02/2024 14:49
Amrun,14/02/2024 14:47,"-12.946963, 141.639778",20x40,100,12,12,North Cell,,0,MM43,Joe Johanson,H-60,1,14/02/2024 14:48,VS,,14/02/2024 14:48
Amrun,13/02/2024 14:17,"-12.951371, 141.632414",20x40,25,68,68,North Cell,In scroll line,0,MM43,Joe Johanson,H-60,1,13/02/2024 14:17,VS,,13/02/2024 14:17
Amrun,13/02/2024 14:15,"-12.951371, 141.632414",20x40,15,21,21,North Cell,In scroll line,0,MM43,Joe Johanson,H-60,1,13/02/2024 14:17,VS,,13/02/2024 14:17
Amrun,12/02/2024 14:53,"-12.949353, 141.639920",20x40,50,12,12,North Cell,,0,MM43,Joe Johanson,H-60,1,12/02/2024 14:53,VS,,12/02/2024 14:53
Amrun,12/02/2024 14:53,"-12.949353, 141.639920",20x40,90,14,14,North Cell,,0,MM43,Joe Johanson,H-60,1,12/02/2024 14:53,VS,,12/02/2024 14:53
Amrun,12/02/2024 14:51,"-12.949353, 141.639920",20x40,20,14,14,North Cell,,0,MM43,Joe Johanson,H-60,1,12/02/2024 14:52,VS,,12/02/2024 14:52
Amrun,11/02/2024 14:42,"-12.949859, 141.639682",20x40,110,18,18,North Cell,"In scroll line, small voids between 50-110cm ",0,MM43,Joe Johanson,H-60,1,11/02/2024 14:42,VS,,11/02/2024 14:42
Amrun,11/02/2024 14:41,"-12.949859, 141.639682",20x40,20,12,12,North Cell,In scroll line ,0,MM43,Joe Johanson,H-60,1,11/02/2024 14:41,VS,,11/02/2024 14:41
Amrun,11/02/2024 14:41,"-12.949859, 141.639682",20x40,50,16,16,North Cell,In scroll line ,0,MM43,Joe Johanson,H-60,1,11/02/2024 14:42,VS,,11/02/2024 14:42
Amrun,10/02/2024 14:53,"-12.951886, 141.634111",20x40,20,24,24,North Cell,In scroll line - duplicate location but mistake made on one 24 result not 2,0,MM43,Joe Johanson,H-60,1,10/02/2024 14:54,VS,,10/02/2024 14:54
Amrun,10/02/2024 14:51,"-12.951886, 141.634111",20x40,50,16,16,North Cell,In scroll line,0,MM43,Joe Johanson,H-60,1,10/02/2024 14:51,VS,,10/02/2024 14:51
Amrun,10/02/2024 14:51,"-12.951886, 141.634111",20x40,80,36,36,North Cell,"In scroll line, there is a void betwen 50-80cm ",0,MM43,Joe Johanson,H-60,1,10/02/2024 14:52,VS,,10/02/2024 14:52
Amrun,10/02/2024 14:49,"-12.951886, 141.634111",20x40,20,2,2,North Cell,In scroll line,0,MM43,Joe Johanson,H-60,1,10/02/2024 14:51,VS,,10/02/2024 14:51
Amrun,10/02/2024 10:38,"-12.945386, 141.626273",20x40,20,100,100,North Cell,In scroll line ,0,MM43,Joe Johanson,H-60,1,10/02/2024 10:41,VS,,10/02/2024 10:41
Amrun,10/02/2024 10:26,"-12.946010, 141.625454",20x40,50,6,6,North Cell,In scroll line,0,MM43,Joe Johanson,H-60,1,10/02/2024 10:27,VS,,10/02/2024 10:27
Amrun,10/02/2024 10:25,"-12.946010, 141.625454",20x40,20,12,12,North Cell,In scroll line,0,MM43,Joe Johanson,H-60,1,10/02/2024 10:26,VS,,10/02/2024 10:26
Amrun,10/02/2024 10:16,"-12.945019, 141.623403",20x40,50,26,26,North Cell,In scroll line ,0,MM43,Joe Johanson,H-60,1,10/02/2024 10:16,VS,,10/02/2024 10:16
Amrun,10/02/2024 10:13,"-12.945019, 141.623403",20x40,20,20,20,North Cell,In scroll line,0,MM43,Joe Johanson,H-60,1,10/02/2024 10:16,VS,,10/02/2024 10:16
Amrun,10/02/2024 9:56,"-12.946185, 141.622663",20x40,50,10,10,North Cell,In scroll line,0,MM43,Joe Johanson,H-60,1,10/02/2024 9:57,VS,,10/02/2024 9:57
Amrun,10/02/2024 9:55,"-12.946185, 141.622663",20x40,20,12,12,North Cell,In scroll line ,0,MM43,Joe Johanson,H-60,1,10/02/2024 9:56,VS,,10/02/2024 9:56
Amrun,10/02/2024 9:48,"-12.946186, 141.622662",20x40,50,18,18,North Cell,In scroll line,0,MM43,Joe Johanson,H-60,1,10/02/2024 9:48,VS,,10/02/2024 9:48
Amrun,10/02/2024 9:46,"-12.946186, 141.622662",20x40,20,20,20,North Cell,In scroll line,0,MM43,Joe Johanson,H-60,1,10/02/2024 9:48,VS,,10/02/2024 9:48
Amrun,10/02/2024 9:31,"-12.947944, 141.621912",20x40,50,13,13,North Cell,In scroll line,0,MM43,Joe Johanson,H-60,1,10/02/2024 9:32,VS,,10/02/2024 9:32
Amrun,10/02/2024 9:30,"-12.947944, 141.621912",20x40,20,14,14,North Cell,In scroll line,0,MM43,Joe Johanson,H-60,1,10/02/2024 9:31,VS,,10/02/2024 9:31
Amrun,10/02/2024 9:26,"-12.947947, 141.621922",20x40,50,27,27,North Cell,In scroll line ,0,MM43,Joe Johanson,H-60,1,10/02/2024 9:27,VS,,10/02/2024 9:27
Amrun,10/02/2024 9:18,"-12.947947, 141.621922",20x40,20,26,26,North Cell,In scroll line,0,MM43,Joe Johanson,H-60,1,10/02/2024 9:26,VS,,10/02/2024 9:26
Amrun,10/02/2024 8:57,"-12.950201, 141.621984",20x40,50,22,22,North Cell,In scroll line ,0,MM43,Joe Johanson,H-60,1,10/02/2024 8:58,VS,,10/02/2024 8:58
Amrun,10/02/2024 8:56,"-12.950201, 141.621984",20x40,20,10,10,North Cell,In scroll line,0,MM43,Joe Johanson,H-60,1,10/02/2024 8:57,VS,,10/02/2024 8:57
Amrun,10/02/2024 8:32,"-12.953007, 141.624697",20x40,50,16,16,North Cell,In scroll line,0,MM43,Joe Johanson,H-60,1,10/02/2024 8:32,VS,,10/02/2024 8:32
Amrun,10/02/2024 8:28,"-12.953007, 141.624697",20x40,20,14,14,North Cell,In scroll lines ,0,MM43,Joe Johanson,H-60,1,10/02/2024 8:32,VS,,10/02/2024 8:32
Amrun,10/02/2024 8:12,"-12.952453, 141.625849",20x40,50,8,8,North Cell,In scroll mark. ( broke through a floor),0,MM43,Joe Johanson,H-60,1,10/02/2024 8:16,VS,,10/02/2024 8:16
Amrun,10/02/2024 8:11,"-12.952453, 141.625849",20x40,20,37,37,North Cell,In scroll mark,0,MM43,Joe Johanson,H-60,1,10/02/2024 8:12,VS,,10/02/2024 8:12
Amrun,10/02/2024 7:52,"-12.952050, 141.627062",20x40,50,14,14,North Cell,In scroll line ,0,MM43,Joe Johanson,H-60,1,10/02/2024 7:53,VS,,10/02/2024 7:53
Amrun,10/02/2024 7:50,"12°57'07.5""S 141°37'37.4""E",20x40,20,10,10,North Cell,,0,MM43,Joe Johanson,H-60,1,10/02/2024 7:52,VS,,10/02/2024 7:52
Amrun,10/02/2024 7:41,"-12.952637, 141.627057",20x40,50,18,18,North Cell,In scroll mark,0,MM43,Joe Johanson,H-60,1,10/02/2024 7:42,VS,,10/02/2024 7:42
Amrun,10/02/2024 7:38,"-12.952637, 141.627057",20x40,20,10,10,North Cell,In scroll mark ,0,MM43,Joe Johanson,H-60,1,10/02/2024 7:41,VS,,10/02/2024 7:41
Amrun,9/02/2024 15:11,"-12.952879, 141.622666",20x40,75,26,26,North Cell,,0,MM43,Joe Johanson,H-60,1,9/02/2024 15:11,VS,,9/02/2024 15:11
Amrun,9/02/2024 15:10,"-12.952879, 141.622666",20x40,50,26,26,North Cell,,0,MM43,Joe Johanson,H-60,1,9/02/2024 15:11,VS,,9/02/2024 15:11
Amrun,9/02/2024 14:54,"-12.952531, 141.621877",20x40,75,33,33,North Cell,,0,MM43,Joe Johanson,H-60,1,9/02/2024 14:55,VS,,9/02/2024 14:55
Amrun,9/02/2024 14:52,"-12.952531, 141.621877",20x40,50,16,16,North Cell,,0,MM43,Joe Johanson,H-60,1,9/02/2024 14:54,VS,,9/02/2024 14:54
Amrun,9/02/2024 14:45,"-12.952654, 141.622483",20x40,80,24,24,North Cell,250m pole,0,MM43,Joe Johanson,H-60,1,9/02/2024 14:47,VS,,9/02/2024 14:47
Amrun,14/10/2023 9:24,"-12.9732427, 141.63353563",20x40,50,36,36,South Cell,,0,MM43,Joe Johanson,H-60,1,14/10/2023 9:24,VS,,14/10/2023 9:24
Amrun,14/10/2023 9:23,"-12.97320965, 141.63358084",20x40,20,16,16,South Cell,,0,MM43,Joe Johanson,H-60,1,14/10/2023 9:24,VS,,14/10/2023 9:24
Amrun,13/10/2023 15:49,"-12.9644814, 141.63007145",20x40,45,34,34,South Cell,,0,MM43,Joe Johanson,H-60,1,13/10/2023 15:49,VS,,13/10/2023 15:49
Amrun,13/10/2023 15:48,"-12.96447543, 141.63006163",20x40,20,14,14,South Cell,,0,MM43,Joe Johanson,H-60,1,13/10/2023 15:49,VS,,13/10/2023 15:49
Amrun,13/10/2023 15:44,"-12.96544707, 141.62937076",20x40,20,36,36,South Cell,,0,MM43,Joe Johanson,H-60,1,13/10/2023 15:44,VS,,13/10/2023 15:44
Amrun,13/10/2023 15:44,"-12.96544707, 141.62937076",20x40,50,50,50,South Cell,,0,MM43,Joe Johanson,H-60,1,13/10/2023 15:44,VS,,13/10/2023 15:44
Amrun,13/10/2023 15:40,"-12.93935538, 141.63560624",20x40,50,49,49,South Cell,,0,MM43,Joe Johanson,H-60,1,13/10/2023 15:40,VS,,13/10/2023 15:40
Amrun,13/10/2023 15:39,"-12.94339467, 141.63473299",20x40,20,22,22,South Cell,,0,MM43,Joe Johanson,H-60,1,13/10/2023 15:39,VS,,13/10/2023 15:39
Amrun,13/10/2023 15:31,"-12.93875875, 141.6357673",20x40,20,12,12,South Cell,,0,MM43,Joe Johanson,H-60,1,13/10/2023 15:31,VS,,13/10/2023 15:31
Amrun,13/10/2023 15:31,"-12.96523897, 141.6300175",20x40,50,10,10,South Cell,,0,MM43,Joe Johanson,H-60,1,13/10/2023 15:32,VS,,13/10/2023 15:32
Amrun,13/10/2023 15:04,"-12.93766785, 141.63597107",20x40,20,32,32,South Cell,,0,MM43,Joe Johanson,H-60,1,13/10/2023 15:04,VS,,13/10/2023 15:04
Amrun,13/10/2023 15:04,"-12.93766785, 141.63597107",20x40,70,28,28,South Cell,Cracked through a plate around 50cm ,0,MM43,Joe Johanson,H-60,1,13/10/2023 15:05,VS,,13/10/2023 15:05
Amrun,13/10/2023 15:00,"-12.93766785, 141.63597107",20x40,20,23,23,South Cell,,0,MM43,Joe Johanson,H-60,1,13/10/2023 15:00,VS,,13/10/2023 15:00
Amrun,13/10/2023 15:00,"-12.93766785, 141.63597107",20x40,50,53,53,South Cell,,0,MM43,Joe Johanson,H-60,1,13/10/2023 15:00,VS,,13/10/2023 15:00
Amrun,13/10/2023 14:51,"-12.93766785, 141.63597107",20x40,20,12,12,South Cell,,0,MM43,Joe Johanson,H-60,1,13/10/2023 14:51,VS,,13/10/2023 14:51
Amrun,13/10/2023 14:51,"-12.93766785, 141.63597107",20x40,50,12,12,South Cell,,0,MM43,Joe Johanson,H-60,1,13/10/2023 14:51,VS,,13/10/2023 14:51
Amrun,13/10/2023 14:48,"-12.93766785, 141.63597107",20x40,50,12,12,South Cell,,0,MM43,Joe Johanson,H-60,1,13/10/2023 14:48,VS,,13/10/2023 14:48
Amrun,13/10/2023 14:47,"-12.93766785, 141.63597107",20x40,20,30,30,South Cell,,0,MM43,Joe Johanson,H-60,1,13/10/2023 14:48,VS,,13/10/2023 14:48
Amrun,13/10/2023 14:35,"-12.93766785, 141.63597107",20x40,50,10,10,South Cell,,0,MM43,Joe Johanson,H-60,1,13/10/2023 14:35,VS,,13/10/2023 14:35
Amrun,13/10/2023 14:31,"-12.93766785, 141.63597107",20x40,50,48,48,South Cell,,0,MM43,Joe Johanson,H-60,1,13/10/2023 14:31,VS,,13/10/2023 14:31
Amrun,13/10/2023 14:30,"-12.93766785, 141.63597107",20x40,20,30,30,South Cell,,0,MM43,Joe Johanson,H-60,1,13/10/2023 14:31,VS,,13/10/2023 14:31
Amrun,13/10/2023 14:18,"-12.96994425, 141.63212253",20x40,50,30,30,South Cell,,0,MM43,Joe Johanson,H-60,1,13/10/2023 14:18,VS,,13/10/2023 14:18
Amrun,13/10/2023 14:16,"-12.96994425, 141.63212253",20x40,20,8,8,South Cell,,0,MM43,Joe Johanson,H-60,1,13/10/2023 14:18,VS,,13/10/2023 14:18
Amrun,13/10/2023 14:14,"-12.96994425, 141.63212253",20x40,50,38,38,South Cell,,0,MM43,Joe Johanson,H-60,1,13/10/2023 14:14,VS,,13/10/2023 14:14
Amrun,13/10/2023 14:02,"-12.93766785, 141.63597107",20x40,61,18,18,South Cell,300m ,0,MM43,Joe Johanson,H-60,1,13/10/2023 14:04,VS,,13/10/2023 14:04
Amrun,13/10/2023 13:50,"-12.96994425, 141.63212253",20x40,40,69,69,South Cell,250m,0,MM43,Joe Johanson,H-60,1,13/10/2023 13:55,VS,,13/10/2023 13:55
Amrun,13/10/2023 13:45,"-12.93766785, 141.63597107",20x40,20,10,10,South Cell,250m,0,MM43,Joe Johanson,H-60,1,13/10/2023 13:49,VS,,13/10/2023 13:49
