Filename,Latitude,Longitude,LSTM Prediction,ElasticNet Prediction
2024-12-07T02-35-31.447633Z_210_vnaData.s1p,-28.863292,122.527631,43.643616,34.43638323236757
2024-12-07T02-35-42.967849Z_210_vnaData.s1p,-28.863294,122.527632,63.718956,54.56408173956933
2024-12-07T02-35-54.351958Z_210_vnaData.s1p,-28.863294,122.527642,49.949963,36.05458639254941
2024-12-07T02-36-17.374187Z_210_vnaData.s1p,-28.863294,122.527651,70.60074,52.1453197485662
2024-12-07T02-36-40.354960Z_210_vnaData.s1p,-28.863296,122.527653,43.982635,13.192453297373703
2024-12-07T02-37-03.227976Z_210_vnaData.s1p,-28.863289,122.527652,36.91644,20.696193733220213
2024-12-07T02-37-14.678737Z_210_vnaData.s1p,-28.863287,122.527653,46.88266,32.10395538520663
2024-12-07T02-37-26.154739Z_210_vnaData.s1p,-28.863287,122.527653,51.406532,19.021226397951757
2024-12-07T02-37-37.582985Z_210_vnaData.s1p,-28.863287,122.527653,41.92743,24.782051875659995
2024-12-07T02-38-00.494569Z_210_vnaData.s1p,-28.863287,122.527653,78.84052,51.434063146044984
2024-12-07T02-38-23.503149Z_210_vnaData.s1p,-28.863287,122.527653,73.74405,40.3596711155822
2024-12-07T02-38-34.893731Z_210_vnaData.s1p,-28.863287,122.527653,67.825195,46.53159850140564
2024-12-07T02-38-46.469031Z_210_vnaData.s1p,-28.863287,122.527653,80.026245,47.42870591760059
2024-12-07T02-39-09.408270Z_210_vnaData.s1p,-28.863287,122.527653,55.66532,45.642391495066576
2024-12-07T02-39-20.820334Z_210_vnaData.s1p,-28.863287,122.527653,44.63844,36.62177161156466
2024-12-07T02-39-43.857428Z_210_vnaData.s1p,-28.863287,122.527653,63.651848,42.95199211059624
2024-12-07T02-39-55.346107Z_210_vnaData.s1p,-28.863287,122.527653,67.46207,48.713425789060196
2024-12-07T02-40-06.835631Z_210_vnaData.s1p,-28.863293,122.527662,55.90813,41.03637197035394
2024-12-07T02-40-29.650944Z_210_vnaData.s1p,-28.863292,122.527649,70.10428,34.28866734993241
2024-12-07T02-40-52.676752Z_210_vnaData.s1p,-28.863293,122.527655,80.71377,65.15735112603349
2024-12-07T02-41-04.099818Z_210_vnaData.s1p,-28.863292,122.52766,69.58495,66.70355816709026
2024-12-07T02-41-15.647496Z_210_vnaData.s1p,-28.863283,122.527671,52.50802,54.32592503288249
2024-12-07T02-41-38.612240Z_210_vnaData.s1p,-28.863275,122.527669,79.68957,70.5768302553181
2024-12-07T02-42-01.555705Z_210_vnaData.s1p,-28.863143,122.527644,87.101616,83.39368777836012
2024-12-07T02-42-12.967624Z_210_vnaData.s1p,-28.86305,122.527635,89.51501,106.08362051575642
2024-12-07T02-42-24.476150Z_210_vnaData.s1p,-28.862939,122.527615,83.22141,51.43455676617117
2024-12-07T02-42-35.963628Z_210_vnaData.s1p,-28.862845,122.527614,83.02337,82.78643100036712
2024-12-07T02-42-58.849835Z_210_vnaData.s1p,-28.862615,122.527583,104.61884,103.59285383512554
2024-12-07T02-43-21.872731Z_210_vnaData.s1p,-28.862415,122.527547,57.421127,54.30268868809318
2024-12-07T02-43-33.307220Z_210_vnaData.s1p,-28.862343,122.527537,84.29861,56.39601958299001
2024-12-07T02-43-44.850495Z_210_vnaData.s1p,-28.862244,122.527522,83.52677,44.60668033375556
2024-12-07T02-44-07.807360Z_210_vnaData.s1p,-28.862171,122.527545,40.285007,47.5215449674651
2024-12-07T02-44-30.813651Z_210_vnaData.s1p,-28.862184,122.527538,29.120623,35.24838148940914
2024-12-07T02-44-53.924498Z_210_vnaData.s1p,-28.862253,122.527469,31.403524,29.89870883545832
2024-12-07T02-45-05.449462Z_210_vnaData.s1p,-28.862333,122.527415,19.256935,-1.6074011368356977
2024-12-07T02-45-16.833279Z_210_vnaData.s1p,-28.862396,122.52736,37.413128,-10.50606824907652
2024-12-07T02-45-39.740281Z_210_vnaData.s1p,-28.862603,122.527214,31.564379,29.602785551591975
2024-12-07T02-45-51.249029Z_210_vnaData.s1p,-28.862696,122.527137,73.85177,41.54689421205348
2024-12-07T02-46-14.030361Z_210_vnaData.s1p,-28.862883,122.526992,42.06881,96.34716856685608
2024-12-07T02-46-25.526349Z_210_vnaData.s1p,-28.862991,122.526923,50.968105,68.16524912540552
2024-12-07T02-46-37.001736Z_210_vnaData.s1p,-28.863106,122.526854,68.136925,77.58168332146447
2024-12-07T02-46-59.944811Z_210_vnaData.s1p,-28.863232,122.526737,106.19155,118.79854916841603
2024-12-07T02-47-22.844222Z_210_vnaData.s1p,-28.862992,122.526933,68.03803,40.10636847455572
2024-12-07T02-47-34.374969Z_210_vnaData.s1p,-28.86297,122.526953,15.8597765,36.53849960753762
2024-12-07T02-47-45.750382Z_210_vnaData.s1p,-28.862973,122.526952,35.788364,44.805230170438975
2024-12-07T02-47-57.241037Z_210_vnaData.s1p,-28.862978,122.52695,39.567852,55.24465072643909
2024-12-07T02-48-20.343884Z_210_vnaData.s1p,-28.862976,122.52695,41.338646,59.69510618186257
2024-12-07T02-48-31.842080Z_210_vnaData.s1p,-28.862976,122.526947,34.82103,55.189308984269154
2024-12-07T02-48-43.308622Z_210_vnaData.s1p,-28.862976,122.526947,40.85103,61.81467132856939
2024-12-07T02-48-54.724063Z_210_vnaData.s1p,-28.862975,122.526947,37.088955,48.508701538354295
2024-12-07T02-49-06.225138Z_210_vnaData.s1p,-28.862976,122.526944,51.83619,74.07861818043605
2024-12-07T02-49-29.156531Z_210_vnaData.s1p,-28.862976,122.526938,48.68858,78.1235203127725
2024-12-07T02-49-52.088650Z_210_vnaData.s1p,-28.862969,122.526945,44.108902,73.32412748202445
2024-12-07T02-50-03.520108Z_210_vnaData.s1p,-28.86297,122.526943,37.951107,47.50835504529264
2024-12-07T02-50-14.904167Z_210_vnaData.s1p,-28.86297,122.526943,58.90617,94.53896753338655
2024-12-07T02-50-26.408935Z_210_vnaData.s1p,-28.86297,122.526943,41.92258,78.34245625450397
2024-12-07T02-50-49.278335Z_210_vnaData.s1p,-28.86297,122.526943,58.306488,74.84288677300486
2024-12-07T02-51-12.893360Z_210_vnaData.s1p,-28.86297,122.526943,39.338478,45.04186146663834
2024-12-07T02-51-24.303191Z_210_vnaData.s1p,-28.86297,122.526943,24.058525,67.15960433305135
2024-12-07T02-51-47.205211Z_210_vnaData.s1p,-28.86297,122.526943,29.083487,86.17253845019667
2024-12-07T02-52-10.176447Z_210_vnaData.s1p,-28.862974,122.526945,33.275646,93.69049298670295
2024-12-07T02-52-33.112046Z_210_vnaData.s1p,-28.862979,122.526956,30.93596,85.78769596259878
2024-12-07T02-52-44.529617Z_210_vnaData.s1p,-28.86298,122.526958,21.652527,83.9398937189968
2024-12-07T02-52-56.038970Z_210_vnaData.s1p,-28.862976,122.526965,31.438087,76.76273082692535
2024-12-07T02-53-07.543124Z_210_vnaData.s1p,-28.862986,122.526952,26.138016,77.44740726870296
2024-12-07T02-53-30.340918Z_210_vnaData.s1p,-28.862986,122.52694,25.91713,82.14797067817703
2024-12-07T02-53-53.335116Z_210_vnaData.s1p,-28.862987,122.52694,29.614098,76.6842678077348
2024-12-07T02-54-04.741359Z_210_vnaData.s1p,-28.862985,122.526935,40.235672,85.98567957602948
2024-12-07T02-54-16.230283Z_210_vnaData.s1p,-28.862985,122.526935,33.472298,72.23955570751684
2024-12-07T02-54-39.748934Z_210_vnaData.s1p,-28.862984,122.526929,37.00553,40.47346853863511
2024-12-07T02-54-51.235943Z_210_vnaData.s1p,-28.862984,122.526928,56.901028,75.88413765488619
2024-12-07T02-55-14.119405Z_210_vnaData.s1p,-28.862988,122.526939,59.568684,70.08971466002852
2024-12-07T02-55-25.630258Z_210_vnaData.s1p,-28.862979,122.526938,40.80929,68.4488673831703
2024-12-07T02-55-48.524042Z_210_vnaData.s1p,-28.86297,122.526938,68.533554,87.66595360040728
2024-12-07T02-56-11.358919Z_210_vnaData.s1p,-28.862975,122.526932,70.71033,82.99826514605037
2024-12-07T02-56-34.427076Z_210_vnaData.s1p,-28.862976,122.526936,83.09515,89.6084448856603
2024-12-07T02-56-45.834682Z_210_vnaData.s1p,-28.862976,122.526936,77.16157,79.00606473195377
2024-12-07T02-56-57.325247Z_210_vnaData.s1p,-28.862957,122.52695,54.701622,42.26885697570745
2024-12-07T02-57-20.190184Z_210_vnaData.s1p,-28.862776,122.52709,70.237236,89.3823766769186
2024-12-07T02-57-31.751845Z_210_vnaData.s1p,-28.862656,122.527188,33.085155,44.30559818741094
2024-12-07T02-57-54.541352Z_210_vnaData.s1p,-28.862443,122.527337,66.54206,77.3965720563385
2024-12-07T02-58-06.057762Z_210_vnaData.s1p,-28.862345,122.527421,43.61316,55.695915600545284
2024-12-07T02-58-17.439662Z_210_vnaData.s1p,-28.862292,122.527445,91.567406,60.89108337289986
2024-12-07T02-58-40.385379Z_210_vnaData.s1p,-28.862297,122.527449,0.46597674,32.51749776373065
2024-12-07T02-59-03.954761Z_210_vnaData.s1p,-28.86241,122.52744,9.484271,-49.60323033005546
2024-12-07T02-59-15.479149Z_210_vnaData.s1p,-28.862491,122.527451,41.546688,-43.4204495244933
2024-12-07T02-59-38.325795Z_210_vnaData.s1p,-28.862599,122.52746,32.309063,-92.01875175584667
2024-12-07T02-59-49.742140Z_210_vnaData.s1p,-28.862711,122.527477,37.63095,-25.016637786934034
2024-12-07T03-00-13.337686Z_210_vnaData.s1p,-28.862945,122.527504,35.011333,-12.068407201248334
2024-12-07T03-00-24.867397Z_210_vnaData.s1p,-28.863068,122.527518,22.820856,10.031396090244677
2024-12-07T03-00-47.718322Z_210_vnaData.s1p,-28.863303,122.527539,20.797146,-22.713526281336208
2024-12-07T03-01-10.599181Z_210_vnaData.s1p,-28.863306,122.527549,29.856375,18.925816708338118
2024-12-07T03-01-33.547429Z_210_vnaData.s1p,-28.863301,122.527555,46.232933,23.492828961612638
2024-12-07T03-01-45.070872Z_210_vnaData.s1p,-28.863307,122.527518,26.857874,13.608290849384012
2024-12-07T03-01-56.442365Z_210_vnaData.s1p,-28.863244,122.527443,42.55408,62.17122360946206
2024-12-07T03-02-07.937084Z_210_vnaData.s1p,-28.86324,122.527463,36.51081,45.931862125089914
2024-12-07T03-02-30.858687Z_210_vnaData.s1p,-28.863246,122.527441,75.077866,81.51654148045124
2024-12-07T03-02-53.758408Z_210_vnaData.s1p,-28.863035,122.527432,82.68546,65.72175942179078
2024-12-07T03-03-05.285156Z_210_vnaData.s1p,-28.862935,122.527422,42.52294,61.022697969051464
2024-12-07T03-03-16.676524Z_210_vnaData.s1p,-28.862818,122.527408,90.61292,120.24925129686295
2024-12-07T03-03-39.630970Z_210_vnaData.s1p,-28.862605,122.527385,111.68055,89.36703186913917
2024-12-07T03-04-02.506582Z_210_vnaData.s1p,-28.86241,122.527362,37.864464,46.56271710808588
2024-12-07T03-04-13.927704Z_210_vnaData.s1p,-28.862342,122.527401,61.622932,48.7642989328467
2024-12-07T03-04-25.447028Z_210_vnaData.s1p,-28.862393,122.527355,38.880306,30.509655046821536
2024-12-07T03-04-36.848712Z_210_vnaData.s1p,-28.862472,122.52731,30.50586,54.7557392456651
2024-12-07T03-04-59.761722Z_210_vnaData.s1p,-28.862531,122.527266,0.52102554,-15.395576145816577
2024-12-07T03-05-22.682731Z_210_vnaData.s1p,-28.86277,122.527301,51.07513,50.19116058269084
2024-12-07T03-05-34.122413Z_210_vnaData.s1p,-28.862895,122.527312,54.381004,32.16382414356284
2024-12-07T03-05-45.610132Z_210_vnaData.s1p,-28.863036,122.527336,73.06979,69.2154692545167
2024-12-07T03-05-57.094161Z_210_vnaData.s1p,-28.863168,122.527351,86.88349,114.90225660207051
2024-12-07T03-06-19.956198Z_210_vnaData.s1p,-28.863292,122.527315,58.89977,68.72525136600282
2024-12-07T03-06-42.910247Z_210_vnaData.s1p,-28.863281,122.527278,50.237038,65.21211443504691
2024-12-07T03-06-54.372817Z_210_vnaData.s1p,-28.863177,122.527249,83.89526,88.91443348195591
2024-12-07T03-07-05.806610Z_210_vnaData.s1p,-28.863045,122.527236,58.692547,49.63166829209619
2024-12-07T03-07-29.336957Z_210_vnaData.s1p,-28.862828,122.52721,91.55483,114.78190814997234
2024-12-07T03-07-40.741394Z_210_vnaData.s1p,-28.862683,122.527198,62.39051,95.57578529618743
2024-12-07T03-07-52.234695Z_210_vnaData.s1p,-28.862596,122.52722,88.80233,73.56920755271165
2024-12-07T03-08-15.167158Z_210_vnaData.s1p,-28.862476,122.52731,9.858616,30.553274854920843
2024-12-07T03-08-26.684932Z_210_vnaData.s1p,-28.862547,122.527246,28.498463,-21.45424363721387
2024-12-07T03-08-38.136406Z_210_vnaData.s1p,-28.862617,122.527192,23.942492,38.7416660584955
2024-12-07T03-09-00.960449Z_210_vnaData.s1p,-28.862712,122.527115,54.00539,31.357935341355617
2024-12-07T03-09-23.881466Z_210_vnaData.s1p,-28.862819,122.527113,101.65102,82.61119415279819
2024-12-07T03-09-35.362542Z_210_vnaData.s1p,-28.862963,122.52712,52.481014,85.92122569882
2024-12-07T03-09-46.837806Z_210_vnaData.s1p,-28.862996,122.527122,84.95249,61.43821789032551
2024-12-07T03-10-09.717507Z_210_vnaData.s1p,-28.862852,122.52712,77.23628,35.26308337403137
2024-12-07T03-10-21.163121Z_210_vnaData.s1p,-28.862849,122.527118,61.169006,61.823913309858526
2024-12-07T03-10-44.025627Z_210_vnaData.s1p,-28.86287,122.527105,89.567635,76.85773320049718
2024-12-07T03-10-55.548989Z_210_vnaData.s1p,-28.862862,122.527107,54.730297,68.70078154940862
2024-12-07T03-11-06.915768Z_210_vnaData.s1p,-28.862862,122.527107,83.386665,64.02557193847464
2024-12-07T03-11-29.840413Z_210_vnaData.s1p,-28.862863,122.527108,74.16652,55.84422560925196
2024-12-07T03-11-41.325806Z_210_vnaData.s1p,-28.862863,122.527108,80.3339,72.12922283703051
2024-12-07T03-12-04.209090Z_210_vnaData.s1p,-28.862862,122.52711,93.56823,71.98868614227517
2024-12-07T03-12-15.712921Z_210_vnaData.s1p,-28.862862,122.52711,55.896797,48.25250291459899
2024-12-07T03-12-27.128487Z_210_vnaData.s1p,-28.862861,122.52711,77.86266,64.62876503369857
2024-12-07T03-12-50.000901Z_210_vnaData.s1p,-28.862861,122.52711,89.867836,80.83750538413702
2024-12-07T03-13-12.931391Z_210_vnaData.s1p,-28.862861,122.52711,80.58599,76.94003370951701
2024-12-07T03-13-24.431956Z_210_vnaData.s1p,-28.862859,122.527109,85.65183,100.837939720545
2024-12-07T03-13-35.804055Z_210_vnaData.s1p,-28.862859,122.527109,88.415565,73.88823411669784
2024-12-07T03-13-47.301836Z_210_vnaData.s1p,-28.862858,122.527109,86.53361,68.44752448605765
2024-12-07T03-14-10.352653Z_210_vnaData.s1p,-28.862846,122.52712,84.32282,81.24214963733654
2024-12-07T03-14-33.207018Z_210_vnaData.s1p,-28.862845,122.527126,113.05956,103.8695187901364
2024-12-07T03-14-44.617552Z_210_vnaData.s1p,-28.862847,122.52712,88.849434,70.05848958517315
2024-12-07T03-14-56.426218Z_210_vnaData.s1p,-28.862851,122.527104,119.52954,119.43470355451203
2024-12-07T03-15-19.060268Z_210_vnaData.s1p,-28.862849,122.527106,115.32864,112.87560916237794
2024-12-07T03-15-30.465675Z_210_vnaData.s1p,-28.862849,122.527102,117.22993,107.57622883302943
2024-12-07T03-15-53.401607Z_210_vnaData.s1p,-28.862852,122.527109,116.12268,96.64418009094345
2024-12-07T03-16-04.851223Z_210_vnaData.s1p,-28.862852,122.527109,114.34745,124.51255832119989
2024-12-07T03-16-16.920114Z_210_vnaData.s1p,-28.862852,122.527109,79.71744,52.00822751816459
2024-12-07T03-16-28.393709Z_210_vnaData.s1p,-28.862852,122.527109,84.01761,54.7714302602608
2024-12-07T03-16-51.211355Z_210_vnaData.s1p,-28.862852,122.527109,90.61537,87.03438263193154
2024-12-07T03-17-02.724865Z_210_vnaData.s1p,-28.862852,122.527109,96.60062,87.07988207308341
2024-12-07T03-17-25.525078Z_210_vnaData.s1p,-28.862852,122.527113,98.08142,70.30908553606338
2024-12-07T03-17-37.048497Z_210_vnaData.s1p,-28.862862,122.52712,96.68688,64.83049686820456
2024-12-07T03-17-48.516329Z_210_vnaData.s1p,-28.862868,122.527111,84.388855,66.82888721590122
2024-12-07T03-18-12.040203Z_210_vnaData.s1p,-28.862873,122.527111,101.9374,89.89352163384751
2024-12-07T03-18-23.441069Z_210_vnaData.s1p,-28.862859,122.52711,100.82753,82.91439912622602
2024-12-07T03-18-34.868517Z_210_vnaData.s1p,-28.862856,122.527123,84.87555,71.24803850511655
2024-12-07T03-18-46.385675Z_210_vnaData.s1p,-28.862817,122.527118,99.86186,76.69696675343475
2024-12-07T03-19-09.198636Z_210_vnaData.s1p,-28.862711,122.527137,68.87496,87.04694513736925
2024-12-07T03-19-20.648583Z_210_vnaData.s1p,-28.862805,122.527077,34.95621,43.035620947502714
2024-12-07T03-19-43.535505Z_210_vnaData.s1p,-28.862873,122.527007,39.56609,55.71364821525867
2024-12-07T03-19-55.001818Z_210_vnaData.s1p,-28.862947,122.52699,74.80446,68.5613170354244
2024-12-07T03-20-06.423959Z_210_vnaData.s1p,-28.863072,122.527011,63.181454,61.98293714359219
2024-12-07T03-20-29.335018Z_210_vnaData.s1p,-28.863266,122.527019,46.11415,33.69734823340192
2024-12-07T03-20-41.429202Z_210_vnaData.s1p,-28.863222,122.527022,64.14177,91.29352046062215
2024-12-07T03-21-04.317536Z_210_vnaData.s1p,-28.862978,122.526998,102.625916,113.1267165897213
2024-12-07T03-21-15.748706Z_210_vnaData.s1p,-28.86286,122.527006,100.03391,96.91957825382173
2024-12-07T03-21-39.328064Z_210_vnaData.s1p,-28.862936,122.526976,58.894558,32.22687826303735
2024-12-07T03-21-50.737642Z_210_vnaData.s1p,-28.863004,122.526903,50.260826,78.72479137480448
2024-12-07T03-22-13.683091Z_210_vnaData.s1p,-28.863245,122.526918,60.327744,55.81194886798386
2024-12-07T03-22-25.120979Z_210_vnaData.s1p,-28.863208,122.526909,94.56327,59.97027918341935
2024-12-07T03-22-36.625286Z_210_vnaData.s1p,-28.863053,122.5269,19.116615,-8.377031062050321
2024-12-07T03-22-59.488017Z_210_vnaData.s1p,-28.862992,122.526922,63.360558,10.676425941403224
2024-12-07T03-23-10.853989Z_210_vnaData.s1p,-28.863117,122.526834,48.786835,40.94346836707061
2024-12-07T03-23-33.846475Z_210_vnaData.s1p,-28.863298,122.526824,66.57089,81.1156964632369
2024-12-07T03-23-57.340507Z_210_vnaData.s1p,-28.863213,122.526814,90.64787,81.7372276032953
2024-12-07T03-24-08.716847Z_210_vnaData.s1p,-28.863103,122.526851,78.728325,77.78915486287202
2024-12-07T03-24-31.669268Z_210_vnaData.s1p,-28.863306,122.526693,81.38648,87.38034004796737
2024-12-07T03-24-54.644487Z_210_vnaData.s1p,-28.863191,122.526678,86.65376,74.87865091096783
2024-12-07T03-25-06.177212Z_210_vnaData.s1p,-28.863197,122.52667,82.800255,72.80220117034273
2024-12-07T03-25-17.588551Z_210_vnaData.s1p,-28.863201,122.526661,72.86597,67.01559847403885
2024-12-07T03-25-29.051960Z_210_vnaData.s1p,-28.863196,122.526655,95.647995,76.87576181626322
2024-12-07T03-25-52.558114Z_210_vnaData.s1p,-28.863137,122.52671,94.39229,99.08939830633153
2024-12-07T03-26-04.051789Z_210_vnaData.s1p,-28.863131,122.526711,75.15867,63.17110926514123
2024-12-07T03-26-15.474844Z_210_vnaData.s1p,-28.863103,122.526734,90.473274,60.31574348956824
2024-12-07T03-26-26.908914Z_210_vnaData.s1p,-28.863033,122.526793,52.56161,56.95663602836541
2024-12-07T03-26-49.764484Z_210_vnaData.s1p,-28.862853,122.526907,89.39241,76.00410161299405
2024-12-07T03-27-12.735211Z_210_vnaData.s1p,-28.862685,122.527025,61.324055,45.313603850451024
2024-12-07T03-27-24.159477Z_210_vnaData.s1p,-28.862597,122.527061,56.042755,66.08346342318157
2024-12-07T03-27-35.563951Z_210_vnaData.s1p,-28.862509,122.527131,82.50312,59.781724318403995
2024-12-07T03-27-47.086031Z_210_vnaData.s1p,-28.862437,122.527214,61.671776,60.92299885907264
2024-12-07T03-28-10.521633Z_210_vnaData.s1p,-28.862297,122.527336,69.171455,67.69140065884748
2024-12-07T03-28-21.976179Z_210_vnaData.s1p,-28.862241,122.527391,82.15804,60.704768665932654
2024-12-07T03-28-44.941298Z_210_vnaData.s1p,-28.862235,122.527399,100.16017,91.3655668084016
2024-12-07T03-28-56.449493Z_210_vnaData.s1p,-28.862235,122.527399,99.429634,123.83279572283587
2024-12-07T03-29-07.872036Z_210_vnaData.s1p,-28.862232,122.527393,82.54607,109.98747939575
2024-12-07T03-29-30.734532Z_210_vnaData.s1p,-28.862119,122.527484,73.7714,83.84008989243166
2024-12-07T03-29-42.144416Z_210_vnaData.s1p,-28.862107,122.527483,38.08529,31.492881570329843
2024-12-07T03-30-05.679976Z_210_vnaData.s1p,-28.862104,122.527485,36.127117,19.2926681933893
2024-12-07T03-30-17.112840Z_210_vnaData.s1p,-28.862138,122.527454,28.594034,26.930967622879553
2024-12-07T03-30-40.037490Z_210_vnaData.s1p,-28.862276,122.527352,36.628567,31.02993712390648
2024-12-07T03-31-02.933101Z_210_vnaData.s1p,-28.862405,122.527241,38.599926,36.89574790692995
2024-12-07T03-31-25.935844Z_210_vnaData.s1p,-28.862524,122.527131,51.710087,63.933838905020686
2024-12-07T03-31-37.339523Z_210_vnaData.s1p,-28.862618,122.527086,53.613033,46.23475276653561
2024-12-07T03-31-48.735505Z_210_vnaData.s1p,-28.86271,122.527009,49.15506,3.453388514967088
2024-12-07T03-32-00.242326Z_210_vnaData.s1p,-28.862809,122.52694,23.843042,9.034861605287382
2024-12-07T03-32-23.010933Z_210_vnaData.s1p,-28.863045,122.526806,59.83041,75.63607014305197
2024-12-07T03-32-46.045752Z_210_vnaData.s1p,-28.863286,122.526611,60.310265,37.69606481981573
2024-12-07T03-32-57.420649Z_210_vnaData.s1p,-28.863298,122.526596,53.95325,35.42506817616863
2024-12-07T03-33-08.927141Z_210_vnaData.s1p,-28.863299,122.526601,81.55462,60.45157350770551
2024-12-07T03-33-20.283447Z_210_vnaData.s1p,-28.863297,122.526601,73.90603,64.83481780708448
2024-12-07T03-33-43.307927Z_210_vnaData.s1p,-28.863297,122.526601,44.68079,60.47006491518064
2024-12-07T03-34-06.189857Z_210_vnaData.s1p,-28.863205,122.526542,58.73813,69.35461925974717
2024-12-07T03-34-17.630421Z_210_vnaData.s1p,-28.863256,122.526507,55.218105,34.84191224067658
2024-12-07T03-34-29.659745Z_210_vnaData.s1p,-28.863231,122.526524,66.03928,38.313345128102064
2024-12-07T03-34-41.187869Z_210_vnaData.s1p,-28.863112,122.526609,104.52744,105.13298237187966
2024-12-07T03-35-04.073303Z_210_vnaData.s1p,-28.862857,122.526784,74.9371,94.97014205916415
2024-12-07T03-35-15.567537Z_210_vnaData.s1p,-28.862731,122.526885,53.780838,49.7562970492529
2024-12-07T03-35-27.016013Z_210_vnaData.s1p,-28.862634,122.526953,64.938034,74.99010809780481
2024-12-07T03-35-38.412048Z_210_vnaData.s1p,-28.862519,122.52704,76.38008,63.975220962654305
2024-12-07T03-36-02.052817Z_210_vnaData.s1p,-28.862294,122.527206,51.186924,65.35974433352725
2024-12-07T03-36-13.396828Z_210_vnaData.s1p,-28.862191,122.527285,92.84466,60.239293710051356
2024-12-07T03-36-36.356902Z_210_vnaData.s1p,-28.862073,122.527398,75.3966,68.63133391288417
2024-12-07T03-36-48.414281Z_210_vnaData.s1p,-28.862072,122.527424,78.1019,59.39272409154745
2024-12-07T03-36-59.860780Z_210_vnaData.s1p,-28.862073,122.527402,19.387524,11.453998011628187
2024-12-07T03-37-11.323319Z_210_vnaData.s1p,-28.862085,122.527313,21.210028,54.2938505317438
2024-12-07T03-37-34.192394Z_210_vnaData.s1p,-28.862125,122.52709,26.463598,41.40521482281952
2024-12-07T03-37-45.607213Z_210_vnaData.s1p,-28.862155,122.526961,5.625114,18.752390395416985
2024-12-07T03-37-57.138740Z_210_vnaData.s1p,-28.862185,122.526853,51.2017,89.59632749120959
2024-12-07T03-38-08.553642Z_210_vnaData.s1p,-28.862217,122.526728,30.913734,32.7083153036297
2024-12-07T03-38-31.431497Z_210_vnaData.s1p,-28.862278,122.526451,21.117071,30.05336246098722
2024-12-07T03-38-54.442676Z_210_vnaData.s1p,-28.862355,122.526155,24.855757,-7.626453802386479
2024-12-07T03-39-06.543073Z_210_vnaData.s1p,-28.862393,122.526003,54.810116,35.199446747629096
2024-12-07T03-39-17.943384Z_210_vnaData.s1p,-28.862427,122.525864,49.358753,52.20908492456287
2024-12-07T03-39-29.411141Z_210_vnaData.s1p,-28.862431,122.525854,29.427372,45.39535041213758
2024-12-07T03-39-52.262773Z_210_vnaData.s1p,-28.862431,122.525852,26.317112,49.10640696268677
2024-12-07T03-40-03.801480Z_210_vnaData.s1p,-28.862438,122.525854,30.584183,59.918428584842
2024-12-07T03-40-27.261852Z_210_vnaData.s1p,-28.862439,122.525854,27.408026,23.024377494673672
2024-12-07T03-40-38.770424Z_210_vnaData.s1p,-28.862439,122.525854,25.977106,28.58995910821534
2024-12-07T03-41-01.702473Z_210_vnaData.s1p,-28.862445,122.52586,24.478777,17.134688794465166
2024-12-07T03-41-25.180611Z_210_vnaData.s1p,-28.862439,122.525854,42.802464,71.53106584870608
2024-12-07T03-41-36.737064Z_210_vnaData.s1p,-28.862439,122.525854,36.35173,60.153364567035986
2024-12-07T03-41-59.587756Z_210_vnaData.s1p,-28.862438,122.525853,30.204708,59.27207990500499
2024-12-07T03-42-22.544825Z_210_vnaData.s1p,-28.862438,122.525854,40.111317,71.6772136864658
2024-12-07T03-42-45.544906Z_210_vnaData.s1p,-28.862438,122.525859,34.904083,66.23615152012754
2024-12-07T03-42-56.956856Z_210_vnaData.s1p,-28.862438,122.525859,29.32732,61.66946394906829
2024-12-07T03-43-08.331519Z_210_vnaData.s1p,-28.862438,122.525859,27.073494,62.227187736360875
2024-12-07T03-43-19.814385Z_210_vnaData.s1p,-28.862441,122.525864,40.896385,78.08841932451665
2024-12-07T03-43-42.767751Z_210_vnaData.s1p,-28.862441,122.525864,34.90263,73.11714057549628
2024-12-07T03-44-05.632527Z_210_vnaData.s1p,-28.862429,122.525855,39.74052,77.87139074658543
2024-12-07T03-44-17.938005Z_210_vnaData.s1p,-28.86243,122.525855,43.072796,64.553409448204
2024-12-07T03-44-29.383136Z_210_vnaData.s1p,-28.86243,122.525855,34.8131,71.08462613263173
2024-12-07T03-44-40.937697Z_210_vnaData.s1p,-28.862432,122.52587,38.753895,67.82622543804834
2024-12-07T03-45-03.767987Z_210_vnaData.s1p,-28.862426,122.52587,32.286427,69.06936035762077
2024-12-07T03-45-26.788247Z_210_vnaData.s1p,-28.862431,122.525868,39.381607,69.14397089942341
2024-12-07T03-45-38.150827Z_210_vnaData.s1p,-28.862437,122.52586,33.069065,77.8454002789261
2024-12-07T03-45-49.637011Z_210_vnaData.s1p,-28.862434,122.525856,29.746525,57.12376503209678
2024-12-07T03-46-12.598923Z_210_vnaData.s1p,-28.862432,122.525855,37.604443,77.06359160334955
2024-12-07T03-46-24.020128Z_210_vnaData.s1p,-28.862439,122.525838,68.055756,44.48747232672824
2024-12-07T03-46-46.978774Z_210_vnaData.s1p,-28.862525,122.525533,76.33497,78.43428512194193
2024-12-07T03-46-58.381234Z_210_vnaData.s1p,-28.862558,122.525411,65.010445,68.09892095864234
2024-12-07T03-47-09.876840Z_210_vnaData.s1p,-28.862579,122.525408,48.232746,68.5568442952841
2024-12-07T03-47-32.815340Z_210_vnaData.s1p,-28.86266,122.525381,74.102425,58.048084133358216
2024-12-07T03-47-55.728817Z_210_vnaData.s1p,-28.862871,122.525383,49.461933,74.2943498344286
2024-12-07T03-48-07.223352Z_210_vnaData.s1p,-28.86298,122.525373,69.50274,77.96566620311935
2024-12-07T03-48-18.741538Z_210_vnaData.s1p,-28.863106,122.525352,39.79046,40.14658185279494
2024-12-07T03-48-41.608336Z_210_vnaData.s1p,-28.863272,122.525442,54.032207,55.332850910580355
2024-12-07T03-48-53.053529Z_210_vnaData.s1p,-28.863298,122.525574,50.904537,65.11935773431281
2024-12-07T03-49-16.026430Z_210_vnaData.s1p,-28.863286,122.525833,58.251034,61.679148755638494
2024-12-07T03-49-27.369951Z_210_vnaData.s1p,-28.863281,122.52597,47.99971,81.97752193284052
2024-12-07T03-49-38.877274Z_210_vnaData.s1p,-28.863284,122.526095,41.626934,73.18437984581618
2024-12-07T03-50-01.734869Z_210_vnaData.s1p,-28.863293,122.526364,24.65415,53.45189823969886
2024-12-07T03-50-13.323297Z_210_vnaData.s1p,-28.863279,122.526471,61.59292,62.40621205288351
2024-12-07T03-50-36.199346Z_210_vnaData.s1p,-28.86327,122.526525,55.397144,43.49944316498858
2024-12-07T03-50-47.641914Z_210_vnaData.s1p,-28.863291,122.526479,57.051823,63.44571837074436
2024-12-07T03-50-59.132601Z_210_vnaData.s1p,-28.863281,122.52646,74.16561,71.20433518717283
2024-12-07T03-51-22.645212Z_210_vnaData.s1p,-28.863222,122.526435,47.895256,83.1435587858854
2024-12-07T03-51-34.129794Z_210_vnaData.s1p,-28.863305,122.526384,68.0521,18.610357132112988
2024-12-07T03-51-56.987784Z_210_vnaData.s1p,-28.863303,122.526379,16.51592,5.940872321834746
2024-12-07T03-52-09.053384Z_210_vnaData.s1p,-28.863306,122.526382,18.901499,6.046130930661363
2024-12-07T03-52-20.551141Z_210_vnaData.s1p,-28.86331,122.52638,22.577946,15.250692796803335
2024-12-07T03-52-31.968331Z_210_vnaData.s1p,-28.863308,122.526378,12.816832,10.229333159176491
2024-12-07T03-52-54.870791Z_210_vnaData.s1p,-28.86331,122.526376,30.747438,50.974316994297176
2024-12-07T03-53-06.315056Z_210_vnaData.s1p,-28.863306,122.526372,17.842154,25.765750943628635
2024-12-07T03-53-18.385375Z_210_vnaData.s1p,-28.863297,122.526371,13.301427,9.199791435836516
2024-12-07T05-31-00.586889Z_210_vnaData.s1p,-28.863014,122.526222,33.46618,58.512030402945456
2024-12-07T05-31-12.106570Z_210_vnaData.s1p,-28.862895,122.526303,73.151,60.86697701151918
2024-12-07T05-31-23.507557Z_210_vnaData.s1p,-28.862774,122.526392,43.831547,21.744467620512587
2024-12-07T05-31-35.025808Z_210_vnaData.s1p,-28.862651,122.526478,69.24875,79.61411105893357
2024-12-07T05-31-57.918822Z_210_vnaData.s1p,-28.862412,122.52665,45.51678,64.39750304625272
2024-12-07T05-32-20.910755Z_210_vnaData.s1p,-28.862249,122.526774,58.033596,62.19200424834963
2024-12-07T05-32-32.366554Z_210_vnaData.s1p,-28.862368,122.526692,31.730797,40.9261313768333
2024-12-07T05-32-43.794938Z_210_vnaData.s1p,-28.862464,122.526617,41.476173,47.10104307860343
2024-12-07T05-32-55.289508Z_210_vnaData.s1p,-28.862572,122.526534,36.36782,43.22845643185717
2024-12-07T05-33-18.935315Z_210_vnaData.s1p,-28.862812,122.526369,77.30195,83.13972383035798
2024-12-07T05-33-41.906145Z_210_vnaData.s1p,-28.863065,122.526214,50.53047,47.95240417215448
2024-12-07T05-33-53.992075Z_210_vnaData.s1p,-28.863191,122.526124,38.981834,32.38757897215507
2024-12-07T05-34-05.375501Z_210_vnaData.s1p,-28.8633,122.526046,34.378807,35.595934376425745
2024-12-07T05-34-16.844199Z_210_vnaData.s1p,-28.863267,122.526011,69.44365,71.82694308975988
2024-12-07T05-34-28.944436Z_210_vnaData.s1p,-28.863177,122.526016,32.967396,15.401731001730987
2024-12-07T05-34-51.840048Z_210_vnaData.s1p,-28.863138,122.526043,94.70905,101.48755487317018
2024-12-07T05-35-03.376271Z_210_vnaData.s1p,-28.863128,122.526047,69.265495,95.76683804185615
2024-12-07T05-35-27.022095Z_210_vnaData.s1p,-28.863129,122.526047,75.12893,66.42807229877157
2024-12-07T05-35-49.980918Z_210_vnaData.s1p,-28.863129,122.526047,71.39318,83.38537200374299
2024-12-07T05-36-01.485158Z_210_vnaData.s1p,-28.86313,122.526046,75.36133,101.65726554145036
2024-12-07T05-36-12.906069Z_210_vnaData.s1p,-28.863141,122.526044,97.9109,117.84265679836693
2024-12-07T05-36-24.410688Z_210_vnaData.s1p,-28.863147,122.526043,82.3914,103.19047446148299
2024-12-07T05-36-47.443846Z_210_vnaData.s1p,-28.863154,122.526043,85.16972,85.43439538213744
2024-12-07T05-37-10.427612Z_210_vnaData.s1p,-28.863162,122.526036,72.933205,68.48154801650219
2024-12-07T05-37-33.472220Z_210_vnaData.s1p,-28.863151,122.526033,82.95645,77.53263561681206
2024-12-07T05-37-44.856545Z_210_vnaData.s1p,-28.863147,122.526029,96.55549,90.74272721518474
2024-12-07T05-37-56.357440Z_210_vnaData.s1p,-28.863146,122.526035,90.745155,88.01996679256126
2024-12-07T05-38-19.903923Z_210_vnaData.s1p,-28.863095,122.526074,80.9331,94.67520325613185
2024-12-07T05-38-31.363138Z_210_vnaData.s1p,-28.863082,122.526084,75.85024,90.07300549967866
2024-12-07T05-38-42.934950Z_210_vnaData.s1p,-28.863012,122.526131,70.598625,99.4006156294031
2024-12-07T05-38-54.364227Z_210_vnaData.s1p,-28.862877,122.526217,86.77892,107.9275517021895
2024-12-07T05-39-17.174791Z_210_vnaData.s1p,-28.862633,122.526371,47.776928,48.460357513674474
2024-12-07T05-39-40.117200Z_210_vnaData.s1p,-28.862393,122.52652,44.325333,50.78381815530934
2024-12-07T05-39-51.585425Z_210_vnaData.s1p,-28.862271,122.52661,90.22695,79.39451483676723
2024-12-07T05-40-03.017056Z_210_vnaData.s1p,-28.86231,122.526603,38.313156,7.453934386067964
2024-12-07T05-40-14.524788Z_210_vnaData.s1p,-28.86243,122.52653,28.276232,21.463606964407543
2024-12-07T05-40-37.431718Z_210_vnaData.s1p,-28.862668,122.526352,15.580505,27.58047070794029
2024-12-07T05-41-01.089620Z_210_vnaData.s1p,-28.862897,122.526211,25.163727,33.37850663431417
2024-12-07T05-41-12.582145Z_210_vnaData.s1p,-28.862889,122.526216,41.62371,26.176515161588135
2024-12-07T05-41-23.989529Z_210_vnaData.s1p,-28.862885,122.526213,46.413593,28.45111584368618
2024-12-07T05-41-35.413679Z_210_vnaData.s1p,-28.862884,122.52621,75.09523,50.08943631122795
2024-12-07T05-41-58.952401Z_210_vnaData.s1p,-28.862886,122.526214,50.050156,74.20862287282449
2024-12-07T05-42-10.398545Z_210_vnaData.s1p,-28.862889,122.526216,54.261337,58.201957782892386
2024-12-07T05-42-33.322832Z_210_vnaData.s1p,-28.862889,122.526216,66.89174,67.73111653988337
2024-12-07T05-42-45.372553Z_210_vnaData.s1p,-28.862889,122.526216,57.71856,51.39712362658491
2024-12-07T05-42-56.888441Z_210_vnaData.s1p,-28.862889,122.526216,75.084854,53.40652406837988
2024-12-07T05-43-08.343531Z_210_vnaData.s1p,-28.86289,122.526215,70.154785,53.26745350152764
2024-12-07T05-43-31.206245Z_210_vnaData.s1p,-28.862892,122.526214,47.748386,39.54412440722887
2024-12-07T05-43-42.650808Z_210_vnaData.s1p,-28.862893,122.526216,46.34545,37.165612320000946
2024-12-07T05-43-54.069929Z_210_vnaData.s1p,-28.862897,122.526223,46.445625,41.14753420734618
2024-12-07T05-44-05.577281Z_210_vnaData.s1p,-28.862892,122.526219,52.180817,37.05606728305805
2024-12-07T05-44-28.502287Z_210_vnaData.s1p,-28.863132,122.526051,55.635174,22.59553010277447
2024-12-07T05-44-51.399674Z_210_vnaData.s1p,-28.863295,122.525919,68.20034,72.8171643371779
2024-12-07T05-45-02.891150Z_210_vnaData.s1p,-28.863227,122.525875,83.876526,91.5674987808155
2024-12-07T05-45-14.360096Z_210_vnaData.s1p,-28.863276,122.52586,62.823326,64.01737899088577
2024-12-07T05-45-37.219053Z_210_vnaData.s1p,-28.86315,122.525942,108.56335,120.3119799182335
2024-12-07T05-45-48.718659Z_210_vnaData.s1p,-28.863149,122.525947,109.19388,114.70488107314674
2024-12-07T05-46-11.626574Z_210_vnaData.s1p,-28.863148,122.525947,102.47562,96.23593238767522
2024-12-07T05-46-23.034641Z_210_vnaData.s1p,-28.863148,122.525947,99.62446,111.43040760744785
2024-12-07T05-46-34.568212Z_210_vnaData.s1p,-28.863148,122.525947,97.1381,105.63999193192619
2024-12-07T05-46-57.441286Z_210_vnaData.s1p,-28.863148,122.525947,86.07938,96.02415120012196
2024-12-07T05-47-08.908441Z_210_vnaData.s1p,-28.863148,122.525947,103.920456,111.36944973057386
2024-12-07T05-47-31.897457Z_210_vnaData.s1p,-28.863148,122.525947,116.15217,114.41647493839005
2024-12-07T05-47-43.317727Z_210_vnaData.s1p,-28.863148,122.525947,99.92227,117.03101829162705
2024-12-07T05-47-54.776105Z_210_vnaData.s1p,-28.863148,122.525947,118.78973,127.68237572849429
2024-12-07T05-48-17.662544Z_210_vnaData.s1p,-28.863148,122.525947,119.33297,117.6273332721544
2024-12-07T05-48-40.626635Z_210_vnaData.s1p,-28.863148,122.525947,115.94313,116.44183420783921
2024-12-07T05-49-03.446178Z_210_vnaData.s1p,-28.863035,122.52601,73.26534,54.78908350747504
2024-12-07T05-49-14.981412Z_210_vnaData.s1p,-28.862907,122.526089,62.948475,53.532333931465175
2024-12-07T05-49-37.843768Z_210_vnaData.s1p,-28.862639,122.526245,85.51544,68.27523278200749
2024-12-07T05-50-00.765716Z_210_vnaData.s1p,-28.862392,122.526407,87.06942,100.17638659942632
2024-12-07T05-50-24.433895Z_210_vnaData.s1p,-28.862409,122.526407,51.805122,41.869077707519466
2024-12-07T05-50-35.847465Z_210_vnaData.s1p,-28.86253,122.52633,24.20548,22.204792910858988
2024-12-07T05-50-58.782714Z_210_vnaData.s1p,-28.862777,122.526169,51.2556,41.929617090714096
2024-12-07T05-51-21.667503Z_210_vnaData.s1p,-28.863018,122.526017,69.53976,60.01605749751682
2024-12-07T05-51-33.179265Z_210_vnaData.s1p,-28.863139,122.525935,67.276085,44.888541729677385
2024-12-07T05-51-45.132400Z_210_vnaData.s1p,-28.86326,122.525855,40.882885,13.183264673600128
2024-12-07T05-52-08.117048Z_210_vnaData.s1p,-28.863266,122.525856,112.439545,85.83364798383786
2024-12-07T05-52-31.007501Z_210_vnaData.s1p,-28.863266,122.525858,102.10213,79.65625303037865
2024-12-07T05-52-53.834425Z_210_vnaData.s1p,-28.863266,122.525858,100.98749,89.10029435670737
2024-12-07T05-53-05.936740Z_210_vnaData.s1p,-28.863266,122.525858,104.24465,88.69700554727984
2024-12-07T05-53-17.410884Z_210_vnaData.s1p,-28.863266,122.525858,106.22532,110.34027154371668
2024-12-07T05-53-28.851615Z_210_vnaData.s1p,-28.863268,122.525863,102.25951,110.3439322930333
2024-12-07T05-53-40.359844Z_210_vnaData.s1p,-28.863266,122.525864,107.52429,100.88334796646889
2024-12-07T05-54-03.298683Z_210_vnaData.s1p,-28.863262,122.525853,119.54375,118.46499759841839
2024-12-07T05-54-14.737137Z_210_vnaData.s1p,-28.863255,122.525851,119.143295,106.85839765135105
2024-12-07T05-54-26.233474Z_210_vnaData.s1p,-28.863255,122.525851,119.10469,110.34496017520453
2024-12-07T05-54-49.249435Z_210_vnaData.s1p,-28.863276,122.525835,41.97573,11.943679186858652
2024-12-07T05-55-12.269885Z_210_vnaData.s1p,-28.8633,122.525624,77.20518,51.31800582906098
2024-12-07T05-55-24.262586Z_210_vnaData.s1p,-28.863298,122.525522,69.54709,68.12946971393589
2024-12-07T05-55-35.779426Z_210_vnaData.s1p,-28.863298,122.525515,25.936743,46.04023998887644
2024-12-07T05-55-47.176935Z_210_vnaData.s1p,-28.863288,122.525525,56.533737,22.144264557834983
2024-12-07T05-56-10.060413Z_210_vnaData.s1p,-28.863149,122.52579,39.563572,56.2697704855028
2024-12-07T05-56-32.965969Z_210_vnaData.s1p,-28.863029,122.525976,56.58473,55.60774116650904
2024-12-07T05-56-44.384964Z_210_vnaData.s1p,-28.863032,122.525977,58.249214,58.31087082387659
2024-12-07T05-56-55.906109Z_210_vnaData.s1p,-28.863033,122.525976,49.49899,28.768007222967977
2024-12-07T05-57-07.948425Z_210_vnaData.s1p,-28.863032,122.525966,59.589767,24.005673136690124
2024-12-07T05-57-19.397399Z_210_vnaData.s1p,-28.863036,122.525963,75.50446,76.13262331479523
2024-12-07T05-57-42.378740Z_210_vnaData.s1p,-28.863033,122.525962,57.82106,46.24871894645323
2024-12-07T05-57-53.819726Z_210_vnaData.s1p,-28.863033,122.525962,58.93234,51.16802061076472
2024-12-07T05-58-05.263295Z_210_vnaData.s1p,-28.863032,122.525962,72.3928,73.2000973782936
2024-12-07T05-58-28.217086Z_210_vnaData.s1p,-28.863032,122.525962,63.127956,48.302166576953496
2024-12-07T05-58-51.159423Z_210_vnaData.s1p,-28.86303,122.525961,48.77819,32.82743771335493
2024-12-07T05-59-14.048835Z_210_vnaData.s1p,-28.863029,122.525967,72.700645,69.16154008203208
2024-12-07T05-59-25.502616Z_210_vnaData.s1p,-28.863026,122.525987,67.55824,63.60097235596892
2024-12-07T05-59-36.971813Z_210_vnaData.s1p,-28.863022,122.525981,64.39713,55.79413776184621
2024-12-07T05-59-48.417821Z_210_vnaData.s1p,-28.863022,122.525985,70.02141,61.84818648720376
2024-12-07T06-00-11.233383Z_210_vnaData.s1p,-28.863025,122.525983,62.034634,52.78919349088409
2024-12-07T06-00-34.186056Z_210_vnaData.s1p,-28.863025,122.525983,61.53804,53.54440931076384
2024-12-07T06-00-45.690804Z_210_vnaData.s1p,-28.863028,122.525985,62.560974,53.1981462333506
2024-12-07T06-00-57.160121Z_210_vnaData.s1p,-28.863037,122.525989,57.113895,47.050311702693406
2024-12-07T06-01-20.030144Z_210_vnaData.s1p,-28.86304,122.525987,53.516457,39.14724475000339
2024-12-07T06-01-31.530196Z_210_vnaData.s1p,-28.863058,122.525958,50.72861,85.63166554714655
2024-12-07T06-01-54.375525Z_210_vnaData.s1p,-28.8632,122.52572,78.63274,94.54999858343254
2024-12-07T06-02-05.908086Z_210_vnaData.s1p,-28.863274,122.525595,58.064705,24.258732545732226
2024-12-07T06-02-17.264765Z_210_vnaData.s1p,-28.863324,122.525478,59.927788,60.94017628026848
2024-12-07T06-02-40.186070Z_210_vnaData.s1p,-28.863238,122.525437,31.946295,10.211163191056507
2024-12-07T06-02-51.692653Z_210_vnaData.s1p,-28.86315,122.525585,65.38198,75.88315012095467
2024-12-07T06-03-14.701986Z_210_vnaData.s1p,-28.86309,122.525688,54.426674,44.15433873954291
2024-12-07T06-03-26.738172Z_210_vnaData.s1p,-28.863093,122.525692,50.79605,36.08512021918598
2024-12-07T06-03-38.252145Z_210_vnaData.s1p,-28.863093,122.525692,70.04142,71.42600935944675
2024-12-07T06-03-49.663638Z_210_vnaData.s1p,-28.863093,122.525692,76.41631,82.47307027664597
2024-12-07T06-04-12.493390Z_210_vnaData.s1p,-28.863093,122.525692,60.148415,54.40089217698345
2024-12-07T06-04-24.020676Z_210_vnaData.s1p,-28.863093,122.525692,32.202183,23.6474350923736
2024-12-07T06-04-35.444019Z_210_vnaData.s1p,-28.863093,122.525692,49.78873,30.17719399644845
2024-12-07T06-04-58.324004Z_210_vnaData.s1p,-28.863093,122.525692,54.53935,46.700742826499436
2024-12-07T06-05-09.858706Z_210_vnaData.s1p,-28.863093,122.525692,57.156853,36.980961901526285
2024-12-07T06-05-32.720008Z_210_vnaData.s1p,-28.863093,122.525691,48.24749,30.025851521567354
2024-12-07T06-05-44.173334Z_210_vnaData.s1p,-28.863093,122.525691,41.139744,10.291995367053865
2024-12-07T06-05-56.255142Z_210_vnaData.s1p,-28.863093,122.52569,65.00833,42.6544979596539
2024-12-07T06-06-07.749736Z_210_vnaData.s1p,-28.863091,122.525681,44.418423,25.526564902026262
2024-12-07T06-06-30.707924Z_210_vnaData.s1p,-28.86309,122.525672,41.002033,29.44780070949469
2024-12-07T06-06-53.589709Z_210_vnaData.s1p,-28.862985,122.525866,66.75511,37.08331193182984
2024-12-07T06-07-05.109118Z_210_vnaData.s1p,-28.862905,122.526004,44.69146,22.290190242645597
2024-12-07T06-07-16.496294Z_210_vnaData.s1p,-28.862841,122.5261,11.535953,3.157460690204182
2024-12-07T06-07-39.499165Z_210_vnaData.s1p,-28.862838,122.526098,25.564047,16.55916371919003
2024-12-07T06-07-50.898716Z_210_vnaData.s1p,-28.862838,122.526098,22.035091,19.705107929294826
2024-12-07T06-08-13.787933Z_210_vnaData.s1p,-28.862841,122.526097,19.577297,17.654077230704992
2024-12-07T06-08-25.289267Z_210_vnaData.s1p,-28.862845,122.5261,15.413161,10.25948748587939
2024-12-07T06-08-37.434411Z_210_vnaData.s1p,-28.862845,122.5261,14.225986,5.136517094175865
2024-12-07T06-08-48.810847Z_210_vnaData.s1p,-28.862846,122.5261,20.03198,6.222564725393283
2024-12-07T06-09-11.752386Z_210_vnaData.s1p,-28.862848,122.526094,4.939943,1.5466897991039872
2024-12-07T06-09-34.543634Z_210_vnaData.s1p,-28.862856,122.526096,14.491223,3.080974139184363
2024-12-07T06-09-46.070902Z_210_vnaData.s1p,-28.862927,122.525992,17.070942,54.13498720748008
2024-12-07T06-10-08.971257Z_210_vnaData.s1p,-28.863045,122.525774,38.333244,21.712943562055788
2024-12-07T06-10-31.869634Z_210_vnaData.s1p,-28.86321,122.525496,51.702793,16.017304708608833
2024-12-07T06-10-54.867956Z_210_vnaData.s1p,-28.863155,122.525388,92.85568,95.3191951040015
2024-12-07T06-11-06.290154Z_210_vnaData.s1p,-28.863147,122.525426,65.082664,71.54008639396672
2024-12-07T06-11-17.680895Z_210_vnaData.s1p,-28.863064,122.525558,66.56233,55.53479415557241
2024-12-07T06-11-40.701225Z_210_vnaData.s1p,-28.862898,122.525828,65.11422,43.246629516352606
2024-12-07T06-12-03.517072Z_210_vnaData.s1p,-28.862898,122.525841,61.040257,24.475328308130596
2024-12-07T06-12-14.907373Z_210_vnaData.s1p,-28.862906,122.525837,81.53435,71.83657028826089
2024-12-07T06-12-37.782779Z_210_vnaData.s1p,-28.862909,122.525841,72.663216,51.17822088692339
2024-12-07T06-13-00.675420Z_210_vnaData.s1p,-28.86291,122.525834,56.294796,45.95943730274853
2024-12-07T06-13-12.232771Z_210_vnaData.s1p,-28.862916,122.525829,51.514206,47.164282065886724
2024-12-07T06-13-35.698186Z_210_vnaData.s1p,-28.862916,122.525829,36.782444,2.4051044976305036
2024-12-07T06-13-47.115250Z_210_vnaData.s1p,-28.862916,122.525829,34.72879,19.413237199965753
2024-12-07T06-14-10.058372Z_210_vnaData.s1p,-28.862916,122.525829,38.94096,18.35764213525746
2024-12-07T06-14-33.005202Z_210_vnaData.s1p,-28.862911,122.525834,40.609737,25.91706155261296
2024-12-07T06-14-44.554846Z_210_vnaData.s1p,-28.86291,122.525834,43.517895,32.01726049890486
2024-12-07T06-14-55.987162Z_210_vnaData.s1p,-28.862873,122.525905,40.604374,25.423513992292836
2024-12-07T06-15-18.881439Z_210_vnaData.s1p,-28.862719,122.526193,30.934788,20.516737260601133
2024-12-07T06-15-41.828907Z_210_vnaData.s1p,-28.862706,122.526205,3.889349,5.982518998558703
2024-12-07T06-15-53.266434Z_210_vnaData.s1p,-28.862706,122.526205,0.6409157,1.3044564315115466
2024-12-07T06-16-04.778133Z_210_vnaData.s1p,-28.862707,122.526207,3.6080194,17.186074511441305
2024-12-07T06-16-16.192097Z_210_vnaData.s1p,-28.862707,122.526213,1.0761731,24.199406036483513
2024-12-07T06-16-39.045860Z_210_vnaData.s1p,-28.862707,122.526213,7.290409,2.702061039004697
2024-12-07T06-17-02.018614Z_210_vnaData.s1p,-28.862707,122.526213,0.639367,14.627251113283712
2024-12-07T06-17-24.900254Z_210_vnaData.s1p,-28.862696,122.526205,0.6356241,9.151641260876119
2024-12-07T06-17-36.362691Z_210_vnaData.s1p,-28.862701,122.526201,0.65640616,11.742306168876752
2024-12-07T06-17-59.256466Z_210_vnaData.s1p,-28.862778,122.526053,62.912037,2.5128157841334584
2024-12-07T06-18-22.099308Z_210_vnaData.s1p,-28.86294,122.525771,75.47637,48.68161461733252
2024-12-07T06-18-45.014639Z_210_vnaData.s1p,-28.86308,122.525542,51.957535,26.88223572698475
2024-12-07T06-18-56.543964Z_210_vnaData.s1p,-28.863131,122.525447,54.923973,49.01503066253937
2024-12-07T06-19-07.981145Z_210_vnaData.s1p,-28.86314,122.525371,51.809864,75.1600260557723
2024-12-07T06-19-19.495964Z_210_vnaData.s1p,-28.863116,122.525378,51.65794,37.24017453079049
2024-12-07T06-19-42.318622Z_210_vnaData.s1p,-28.863047,122.52543,65.97824,92.08619985058058
2024-12-07T06-20-05.264615Z_210_vnaData.s1p,-28.863023,122.525432,89.09895,81.1036857237172
2024-12-07T06-20-16.799862Z_210_vnaData.s1p,-28.862967,122.525528,55.881786,55.6324008037606
2024-12-07T06-20-28.288163Z_210_vnaData.s1p,-28.862908,122.525633,88.835526,49.19294074014971
2024-12-07T06-20-51.251788Z_210_vnaData.s1p,-28.862789,122.525844,58.21851,64.96614249257637
2024-12-07T06-21-14.064786Z_210_vnaData.s1p,-28.862675,122.526066,68.62866,68.73728140600176
2024-12-07T06-21-25.601273Z_210_vnaData.s1p,-28.862616,122.526182,87.55599,85.07072299703604
2024-12-07T06-21-48.445548Z_210_vnaData.s1p,-28.862526,122.526331,37.041256,4.193468180729354
2024-12-07T06-22-11.347301Z_210_vnaData.s1p,-28.862523,122.526336,53.413033,23.35373308815551
2024-12-07T06-22-34.225100Z_210_vnaData.s1p,-28.862523,122.526337,41.290226,20.550568495603375
2024-12-07T06-22-45.766280Z_210_vnaData.s1p,-28.862523,122.526337,45.57349,41.94367086782632
2024-12-07T06-22-57.140935Z_210_vnaData.s1p,-28.862523,122.526337,26.144478,27.123666561888907
2024-12-07T06-23-08.617446Z_210_vnaData.s1p,-28.862523,122.526337,42.648136,6.770382730004492
2024-12-07T06-23-31.442707Z_210_vnaData.s1p,-28.862525,122.526324,50.100883,11.789174233275233
2024-12-07T06-23-54.419127Z_210_vnaData.s1p,-28.862523,122.526322,49.474773,6.585538198373605
2024-12-07T06-24-05.840675Z_210_vnaData.s1p,-28.862523,122.526322,38.117157,9.287812146363436
2024-12-07T06-24-17.343812Z_210_vnaData.s1p,-28.862518,122.526317,37.696102,-5.574760183389792
2024-12-07T06-24-40.290321Z_210_vnaData.s1p,-28.862521,122.526314,43.398945,12.135943554258418
2024-12-07T06-24-51.648023Z_210_vnaData.s1p,-28.862532,122.526316,42.789692,9.536059580765908
2024-12-07T06-25-14.616810Z_210_vnaData.s1p,-28.862528,122.526317,45.913692,3.798039752822014
2024-12-07T06-25-26.049353Z_210_vnaData.s1p,-28.862528,122.526315,35.16512,2.2349637091894934
2024-12-07T06-25-37.443960Z_210_vnaData.s1p,-28.862528,122.526315,43.788555,-8.263952769691038
2024-12-07T06-26-00.429575Z_210_vnaData.s1p,-28.862528,122.526315,41.700016,-6.473116258114452
2024-12-07T06-26-23.269691Z_210_vnaData.s1p,-28.862528,122.526315,23.551,9.643670642348141
2024-12-07T06-26-34.809512Z_210_vnaData.s1p,-28.862597,122.52618,62.187366,14.021705073598156
2024-12-07T06-26-46.368125Z_210_vnaData.s1p,-28.862682,122.526041,49.84671,20.89904588266227
2024-12-07T06-26-57.764621Z_210_vnaData.s1p,-28.862757,122.525901,59.689594,22.209592943116622
2024-12-07T06-27-20.625930Z_210_vnaData.s1p,-28.862915,122.525629,64.218315,56.593728905831576
2024-12-07T06-27-43.529962Z_210_vnaData.s1p,-28.863014,122.525448,52.750587,63.46108136481161
2024-12-07T06-27-54.962163Z_210_vnaData.s1p,-28.863052,122.525384,42.52192,-7.0702442613548016
2024-12-07T06-28-06.479250Z_210_vnaData.s1p,-28.862945,122.525388,31.49156,45.34926053708245
2024-12-07T06-28-30.028422Z_210_vnaData.s1p,-28.862922,122.525437,46.510956,30.875927492373943
2024-12-07T06-28-41.421101Z_210_vnaData.s1p,-28.862851,122.525564,84.25972,62.87872487411833
2024-12-07T06-28-52.901663Z_210_vnaData.s1p,-28.862826,122.525608,56.851536,33.282517223841225
2024-12-07T06-29-15.819587Z_210_vnaData.s1p,-28.862707,122.525821,91.354256,66.702434642631
2024-12-07T06-29-27.195191Z_210_vnaData.s1p,-28.862674,122.525886,64.74676,71.52295780292546
2024-12-07T06-29-38.665866Z_210_vnaData.s1p,-28.862677,122.525894,51.06502,41.418080509836315
2024-12-07T06-30-01.515891Z_210_vnaData.s1p,-28.862676,122.525885,77.4768,67.61052861673673
2024-12-07T06-30-13.718927Z_210_vnaData.s1p,-28.862676,122.525885,42.108356,42.57563346509657
2024-12-07T06-30-25.128203Z_210_vnaData.s1p,-28.862676,122.525885,46.08464,35.21690943399571
2024-12-07T06-30-36.544252Z_210_vnaData.s1p,-28.862676,122.525885,49.779633,42.30644474292616
2024-12-07T06-30-48.032274Z_210_vnaData.s1p,-28.862676,122.525885,40.451427,19.89496646036633
2024-12-07T06-31-10.924107Z_210_vnaData.s1p,-28.862676,122.525885,42.518757,50.18401236776428
2024-12-07T06-31-33.844692Z_210_vnaData.s1p,-28.862676,122.525885,64.43958,56.86184379017526
2024-12-07T06-31-45.255497Z_210_vnaData.s1p,-28.862676,122.525885,77.37672,68.34217798323225
2024-12-07T06-31-56.779790Z_210_vnaData.s1p,-28.862676,122.525885,65.887535,63.00092525453095
2024-12-07T06-32-19.669094Z_210_vnaData.s1p,-28.862681,122.52588,53.918716,54.44833395652335
2024-12-07T06-32-31.195671Z_210_vnaData.s1p,-28.862681,122.52588,52.29924,51.04573058923787
2024-12-07T06-32-54.014226Z_210_vnaData.s1p,-28.862671,122.525895,51.539127,48.00174317037857
2024-12-07T06-33-06.230022Z_210_vnaData.s1p,-28.862655,122.525928,49.75592,48.868018394855305
2024-12-07T06-33-17.597897Z_210_vnaData.s1p,-28.862568,122.526065,64.63226,31.615683968099432
2024-12-07T06-33-29.095326Z_210_vnaData.s1p,-28.862489,122.5262,81.89649,76.70862147906394
2024-12-07T06-33-51.930762Z_210_vnaData.s1p,-28.86235,122.526449,55.009655,3.3773644243839414
2024-12-07T06-34-14.843140Z_210_vnaData.s1p,-28.862366,122.52644,17.322702,1.7729685090094733
2024-12-07T06-34-26.342376Z_210_vnaData.s1p,-28.862367,122.526439,53.50416,21.060734172655792
2024-12-07T06-34-37.811565Z_210_vnaData.s1p,-28.862367,122.526439,44.28446,-12.209405083135131
2024-12-07T06-35-01.290690Z_210_vnaData.s1p,-28.862373,122.526437,55.447014,-0.9806931281736482
2024-12-07T06-35-12.745055Z_210_vnaData.s1p,-28.862373,122.526437,41.159595,19.791175121552506
2024-12-07T06-35-24.267032Z_210_vnaData.s1p,-28.862372,122.526437,46.680157,13.137960721480972
2024-12-07T06-35-35.692541Z_210_vnaData.s1p,-28.862372,122.526436,38.267345,12.721692117814328
2024-12-07T06-35-47.206159Z_210_vnaData.s1p,-28.862379,122.526436,42.44155,23.20264620904038
2024-12-07T06-36-09.979944Z_210_vnaData.s1p,-28.862383,122.526438,30.024496,12.424207162761192
2024-12-07T06-36-32.966145Z_210_vnaData.s1p,-28.862383,122.526438,55.05954,24.51481121657742
2024-12-07T06-36-55.821515Z_210_vnaData.s1p,-28.862386,122.526432,21.854689,-8.72928646637964
2024-12-07T06-37-07.346448Z_210_vnaData.s1p,-28.862444,122.526329,62.01544,51.028277873271385
2024-12-07T06-37-30.209403Z_210_vnaData.s1p,-28.862582,122.526061,74.88857,13.783753164299341
2024-12-07T06-37-53.155564Z_210_vnaData.s1p,-28.862607,122.526006,60.394135,28.798274044540396
2024-12-07T06-38-16.064368Z_210_vnaData.s1p,-28.862712,122.525808,72.57787,18.286186575307656
2024-12-07T06-38-28.092073Z_210_vnaData.s1p,-28.862789,122.525673,87.49714,71.16233261840014
2024-12-07T06-38-39.522298Z_210_vnaData.s1p,-28.862868,122.525517,61.163612,37.01451255008219
2024-12-07T06-38-51.055985Z_210_vnaData.s1p,-28.86293,122.525383,48.689194,50.19316703656877
2024-12-07T06-39-13.889387Z_210_vnaData.s1p,-28.862814,122.52543,93.207405,48.752642265488355
2024-12-07T06-39-25.360753Z_210_vnaData.s1p,-28.86279,122.525437,98.49246,73.10711247235623
2024-12-07T06-39-36.760359Z_210_vnaData.s1p,-28.862728,122.52555,77.18395,87.36890317470531
2024-12-07T06-39-48.273924Z_210_vnaData.s1p,-28.862659,122.525681,81.66348,68.60695412095866
2024-12-07T06-40-11.138996Z_210_vnaData.s1p,-28.862497,122.525962,64.428246,75.85491193360042
2024-12-07T06-40-34.689410Z_210_vnaData.s1p,-28.862354,122.526213,78.649284,41.92379283084093
2024-12-07T06-40-46.117907Z_210_vnaData.s1p,-28.862355,122.526211,48.288486,38.66661001371025
2024-12-07T06-41-09.047456Z_210_vnaData.s1p,-28.86235,122.526218,54.124607,20.785709198879157
2024-12-07T06-41-20.390542Z_210_vnaData.s1p,-28.86235,122.526217,52.95338,28.434536005080034
2024-12-07T06-41-43.295419Z_210_vnaData.s1p,-28.862347,122.526229,57.603745,23.838219278194302
2024-12-07T06-42-06.406189Z_210_vnaData.s1p,-28.862347,122.526229,63.901775,34.61787659707083
2024-12-07T06-42-17.788529Z_210_vnaData.s1p,-28.862347,122.526229,52.746143,8.526778531007857
2024-12-07T06-42-29.266068Z_210_vnaData.s1p,-28.862351,122.526221,63.099384,53.67252940767837
2024-12-07T06-42-52.207661Z_210_vnaData.s1p,-28.862353,122.526218,83.648766,71.12676536254857
2024-12-07T06-43-15.038880Z_210_vnaData.s1p,-28.86236,122.526217,74.15397,42.13159633070072
2024-12-07T06-43-26.560064Z_210_vnaData.s1p,-28.862358,122.526213,74.441536,49.83770619281289
2024-12-07T06-43-49.438062Z_210_vnaData.s1p,-28.862359,122.526211,62.2338,38.789624821916036
2024-12-07T06-44-12.324319Z_210_vnaData.s1p,-28.862403,122.526163,76.719215,102.4927403735097
2024-12-07T06-44-35.194037Z_210_vnaData.s1p,-28.862495,122.525993,69.163506,1.2040206902144561
2024-12-07T06-44-46.845229Z_210_vnaData.s1p,-28.86258,122.525839,63.212467,-3.0834764522522065
2024-12-07T06-45-09.707833Z_210_vnaData.s1p,-28.862694,122.525616,83.64456,71.27921872706466
2024-12-07T06-45-32.624528Z_210_vnaData.s1p,-28.862824,122.52538,73.91991,74.37411853223752
2024-12-07T06-45-55.604979Z_210_vnaData.s1p,-28.8627,122.525414,106.689445,91.97979206272339
2024-12-07T06-46-07.016667Z_210_vnaData.s1p,-28.862674,122.52546,119.44622,131.90577134133073
2024-12-07T06-46-19.433026Z_210_vnaData.s1p,-28.862678,122.52546,119.568504,119.15056226361907
2024-12-07T06-46-41.495993Z_210_vnaData.s1p,-28.862687,122.525457,119.47015,115.36806570579131
2024-12-07T06-47-04.453163Z_210_vnaData.s1p,-28.862686,122.525437,118.57064,100.97406490048874
2024-12-07T06-47-15.999159Z_210_vnaData.s1p,-28.862687,122.525436,115.65806,84.76100246746776
2024-12-07T06-47-27.514638Z_210_vnaData.s1p,-28.862687,122.525437,117.16824,95.5091435977453
2024-12-07T06-47-50.508118Z_210_vnaData.s1p,-28.862686,122.525437,112.58035,83.42378594961397
2024-12-07T06-48-13.481948Z_210_vnaData.s1p,-28.862683,122.525446,107.499435,84.67163056942914
2024-12-07T06-48-36.416859Z_210_vnaData.s1p,-28.862683,122.525444,114.14746,100.69553424050345
2024-12-07T06-48-48.050728Z_210_vnaData.s1p,-28.862676,122.525451,112.90621,94.92695124513715
2024-12-07T06-48-59.331507Z_210_vnaData.s1p,-28.862676,122.525452,119.097275,117.8985997993862
2024-12-07T06-49-10.722772Z_210_vnaData.s1p,-28.862669,122.525449,109.451164,104.77801368777219
2024-12-07T06-49-33.582702Z_210_vnaData.s1p,-28.862663,122.525437,119.06569,104.07860531093382
2024-12-07T06-49-56.508240Z_210_vnaData.s1p,-28.862671,122.525436,115.04971,96.07111237373971
2024-12-07T06-50-08.008535Z_210_vnaData.s1p,-28.862669,122.525435,116.86613,94.4448795134694
2024-12-07T06-50-19.505025Z_210_vnaData.s1p,-28.862669,122.525435,117.67025,104.24786349484643
2024-12-07T06-50-42.978342Z_210_vnaData.s1p,-28.86267,122.525435,116.93624,135.6915158425166
2024-12-07T06-50-54.451903Z_210_vnaData.s1p,-28.862651,122.525465,93.627815,94.69967571428333
2024-12-07T06-51-05.831157Z_210_vnaData.s1p,-28.862599,122.525546,93.70381,59.5584981587335
2024-12-07T06-51-17.338093Z_210_vnaData.s1p,-28.862535,122.525669,66.27119,63.735040519498746
2024-12-07T06-51-28.843256Z_210_vnaData.s1p,-28.862456,122.525824,61.14242,44.70407741632986
2024-12-07T06-51-51.719604Z_210_vnaData.s1p,-28.862445,122.525834,52.015892,59.84552605683616
2024-12-07T06-52-14.545122Z_210_vnaData.s1p,-28.86255,122.525677,88.77922,83.77116644923817
2024-12-07T06-52-26.051545Z_210_vnaData.s1p,-28.862617,122.525546,78.37066,56.00887824376116
2024-12-07T06-52-37.495199Z_210_vnaData.s1p,-28.862707,122.525404,58.903854,19.692345543989727
2024-12-07T06-52-49.000086Z_210_vnaData.s1p,-28.862699,122.52538,64.94189,52.0151356677703
2024-12-07T06-53-11.894771Z_210_vnaData.s1p,-28.862502,122.525385,67.10896,43.479324808613725
2024-12-07T06-53-34.666829Z_210_vnaData.s1p,-28.86249,122.525396,79.80904,59.40377628442895
2024-12-07T06-53-46.189783Z_210_vnaData.s1p,-28.862457,122.525437,87.406334,73.84004870113253
2024-12-07T06-53-57.562758Z_210_vnaData.s1p,-28.862462,122.525421,66.101746,49.86845576114631
2024-12-07T06-54-09.057701Z_210_vnaData.s1p,-28.862448,122.525485,49.61675,56.39775113916744
2024-12-07T06-54-32.009535Z_210_vnaData.s1p,-28.8624,122.525714,88.0742,72.72587275616453
2024-12-07T06-54-54.900834Z_210_vnaData.s1p,-28.862335,122.525973,32.26281,24.57935994259657
2024-12-07T06-55-06.421640Z_210_vnaData.s1p,-28.862311,122.526083,35.190826,-7.831556481682213
2024-12-07T06-55-17.836412Z_210_vnaData.s1p,-28.86231,122.526082,39.394264,3.588624159025308
2024-12-07T06-55-40.858043Z_210_vnaData.s1p,-28.862311,122.526088,38.166992,7.508667346631839
2024-12-07T06-56-03.927781Z_210_vnaData.s1p,-28.862313,122.526083,48.944855,-9.576447377182767
2024-12-07T06-56-26.937624Z_210_vnaData.s1p,-28.862319,122.526081,32.786522,3.7080685248925036
2024-12-07T06-56-38.392234Z_210_vnaData.s1p,-28.86232,122.526079,63.549034,13.91399356642222
2024-12-07T06-56-49.784997Z_210_vnaData.s1p,-28.862319,122.526079,63.56335,32.1575003951208
2024-12-07T06-57-12.685360Z_210_vnaData.s1p,-28.862318,122.52608,58.012558,1.9862840077723263
2024-12-07T06-57-24.104185Z_210_vnaData.s1p,-28.862317,122.526077,62.25008,5.06084051110723
2024-12-07T06-57-47.045966Z_210_vnaData.s1p,-28.862318,122.526081,39.79615,-12.825763134129048
2024-12-07T06-57-58.548658Z_210_vnaData.s1p,-28.862319,122.526081,49.83591,6.417907072569072
2024-12-07T06-58-10.015961Z_210_vnaData.s1p,-28.862319,122.526081,49.2836,0.9853298495117144
2024-12-07T06-58-32.824901Z_210_vnaData.s1p,-28.862316,122.526075,42.159645,-7.891156246468604
2024-12-07T06-58-44.304633Z_210_vnaData.s1p,-28.862311,122.526064,51.196613,1.443499157576305
2024-12-07T06-59-07.218732Z_210_vnaData.s1p,-28.862292,122.526068,47.838844,1.3595380658767695
2024-12-07T06-59-18.604624Z_210_vnaData.s1p,-28.862289,122.526067,52.949905,1.5984954811556165
2024-12-07T06-59-30.047926Z_210_vnaData.s1p,-28.86229,122.526064,53.966434,-0.25538439172852634
2024-12-07T06-59-53.042155Z_210_vnaData.s1p,-28.862288,122.526064,45.937763,2.4378859983261307
2024-12-07T07-00-15.855103Z_210_vnaData.s1p,-28.862254,122.526242,64.15449,62.0254654735184
2024-12-07T07-00-27.385428Z_210_vnaData.s1p,-28.862211,122.526409,68.32356,30.704148092717183
2024-12-07T07-00-50.322448Z_210_vnaData.s1p,-28.862148,122.526685,63.22201,44.71414164404869
2024-12-07T07-01-13.279239Z_210_vnaData.s1p,-28.862091,122.526956,62.44361,37.041698047163806
2024-12-07T07-01-36.123912Z_210_vnaData.s1p,-28.862019,122.527219,61.882973,24.62837481525951
2024-12-07T07-01-47.513972Z_210_vnaData.s1p,-28.862022,122.527261,49.985302,62.21225296956104
2024-12-07T07-01-59.028834Z_210_vnaData.s1p,-28.862,122.527336,80.067696,67.0881438819388
2024-12-07T07-02-22.025625Z_210_vnaData.s1p,-28.861931,122.527581,1.2911223,0.1692986718582219
2024-12-07T07-02-44.907957Z_210_vnaData.s1p,-28.86194,122.527584,10.97817,29.616195960581763
2024-12-07T07-02-56.351941Z_210_vnaData.s1p,-28.861936,122.527587,7.9839234,20.751089829026526
2024-12-07T07-03-07.741087Z_210_vnaData.s1p,-28.861929,122.527589,5.8363547,24.488583812915042
2024-12-07T07-03-19.235975Z_210_vnaData.s1p,-28.861929,122.527589,6.959365,14.982812626683184
2024-12-07T07-03-42.089012Z_210_vnaData.s1p,-28.861937,122.527593,4.522672,0.6001270402878234
2024-12-07T07-03-53.559028Z_210_vnaData.s1p,-28.861941,122.527595,2.896257,-10.738722194508952
2024-12-07T07-04-16.507599Z_210_vnaData.s1p,-28.861941,122.527594,5.712482,-11.905737409781167
2024-12-07T07-04-27.903844Z_210_vnaData.s1p,-28.861941,122.527594,6.2765255,-6.058964288805477
2024-12-07T07-04-39.421324Z_210_vnaData.s1p,-28.861941,122.527594,7.655079,-10.688897630980492
2024-12-07T07-05-02.294494Z_210_vnaData.s1p,-28.861937,122.527585,20.82192,-8.386742188381376
2024-12-07T07-05-25.218953Z_210_vnaData.s1p,-28.861933,122.527582,14.600846,-11.321948731595171
2024-12-07T07-05-36.656933Z_210_vnaData.s1p,-28.861933,122.527582,67.888405,29.30681280850965
2024-12-07T07-05-48.096949Z_210_vnaData.s1p,-28.861933,122.527582,14.141316,-10.361996768106913
2024-12-07T07-05-59.629723Z_210_vnaData.s1p,-28.861953,122.527478,25.624416,-0.2713274966825594
2024-12-07T07-06-22.486675Z_210_vnaData.s1p,-28.861994,122.527263,8.886686,-69.88587764567339
2024-12-07T07-06-45.395015Z_210_vnaData.s1p,-28.862046,122.527086,51.60502,-59.47895698291649
2024-12-07T07-06-56.905240Z_210_vnaData.s1p,-28.862051,122.52708,14.961963,-80.69675931453949
2024-12-07T07-07-08.296537Z_210_vnaData.s1p,-28.862076,122.526978,19.167753,-91.8585678493966
2024-12-07T07-07-31.170927Z_210_vnaData.s1p,-28.862103,122.526857,29.538904,-62.360722845903645
2024-12-07T07-07-42.684509Z_210_vnaData.s1p,-28.862105,122.526856,68.84214,40.55070150633864
2024-12-07T07-08-05.491262Z_210_vnaData.s1p,-28.862116,122.526851,27.436728,22.390592879326146
2024-12-07T07-08-16.915919Z_210_vnaData.s1p,-28.862118,122.526852,24.370522,-16.70838932450527
2024-12-07T07-08-28.427266Z_210_vnaData.s1p,-28.862118,122.526852,26.559515,11.12436941202536
2024-12-07T07-08-51.285015Z_210_vnaData.s1p,-28.862118,122.526848,45.486004,-5.675812512086544
2024-12-07T07-09-02.718253Z_210_vnaData.s1p,-28.862118,122.526847,38.635815,-9.623372455869067
2024-12-07T07-09-26.335837Z_210_vnaData.s1p,-28.862118,122.526847,27.481068,32.11184411182107
2024-12-07T07-09-49.167868Z_210_vnaData.s1p,-28.862106,122.52685,26.923223,17.599581115530775
2024-12-07T07-10-00.827589Z_210_vnaData.s1p,-28.862106,122.52685,25.636003,-2.426851682404326
2024-12-07T07-10-23.519043Z_210_vnaData.s1p,-28.862104,122.526847,31.590704,5.842275159123098
2024-12-07T07-10-46.384048Z_210_vnaData.s1p,-28.862094,122.526862,17.020084,8.150888113064504
2024-12-07T07-10-57.829834Z_210_vnaData.s1p,-28.862094,122.526851,42.51335,23.079468281342766
2024-12-07T07-11-20.743124Z_210_vnaData.s1p,-28.862173,122.52656,24.256254,8.011484405435453
2024-12-07T07-11-43.687800Z_210_vnaData.s1p,-28.862239,122.526268,10.609565,29.119131168651712
2024-12-07T07-12-06.678734Z_210_vnaData.s1p,-28.862312,122.52595,27.628147,7.597447397703014
2024-12-07T07-12-18.197343Z_210_vnaData.s1p,-28.862356,122.525797,34.378338,-5.828104932741397
2024-12-07T07-12-29.601318Z_210_vnaData.s1p,-28.862395,122.525621,11.324521,-4.451014937664368
2024-12-07T07-12-52.550079Z_210_vnaData.s1p,-28.86248,122.525364,21.053299,21.825970021674866
2024-12-07T07-13-15.405002Z_210_vnaData.s1p,-28.862551,122.525431,48.628983,28.637203348309512
2024-12-07T07-13-26.905082Z_210_vnaData.s1p,-28.862543,122.5255,23.227295,-3.8737539280313484
2024-12-07T07-13-38.302389Z_210_vnaData.s1p,-28.86254,122.525509,39.484905,25.950860029061936
2024-12-07T07-13-49.796318Z_210_vnaData.s1p,-28.862543,122.525507,46.319633,29.516545332251525
2024-12-07T07-14-12.666610Z_210_vnaData.s1p,-28.862543,122.525507,39.08981,30.041073488070822
2024-12-07T07-14-35.578446Z_210_vnaData.s1p,-28.862543,122.525507,54.9851,31.409787199441904
2024-12-07T07-14-47.023907Z_210_vnaData.s1p,-28.862543,122.525507,51.21877,30.36336506248409
2024-12-07T07-14-58.461519Z_210_vnaData.s1p,-28.862543,122.525507,39.35099,6.921707529811478
2024-12-07T07-15-09.961381Z_210_vnaData.s1p,-28.862488,122.525644,18.805586,-7.686714171756641
2024-12-07T07-15-32.806524Z_210_vnaData.s1p,-28.862408,122.525958,43.517754,26.652545979576274
2024-12-07T07-15-55.732427Z_210_vnaData.s1p,-28.862342,122.526259,33.049034,12.096566121075071
2024-12-07T07-16-07.155648Z_210_vnaData.s1p,-28.86234,122.526258,47.13602,-2.0081271042504625
2024-12-07T07-16-18.680175Z_210_vnaData.s1p,-28.862336,122.526261,33.28025,-8.13349604353774
2024-12-07T07-16-30.093575Z_210_vnaData.s1p,-28.862332,122.526262,27.47544,-27.064616738565867
2024-12-07T07-16-53.136448Z_210_vnaData.s1p,-28.862334,122.526264,42.669815,-11.675241789717695
2024-12-07T07-17-16.003767Z_210_vnaData.s1p,-28.862335,122.526263,36.083065,-2.08357379707936
2024-12-07T07-17-27.429424Z_210_vnaData.s1p,-28.862335,122.526263,54.06919,6.087561902523284
2024-12-07T07-17-39.500963Z_210_vnaData.s1p,-28.862334,122.526255,53.788445,5.395403273392475
2024-12-07T07-17-51.038570Z_210_vnaData.s1p,-28.862328,122.526253,39.33228,-8.386474231097687
2024-12-07T07-18-13.852822Z_210_vnaData.s1p,-28.862338,122.52627,40.12288,-11.145767738182208
2024-12-07T07-18-36.718609Z_210_vnaData.s1p,-28.862338,122.526268,38.853573,-4.366416160607926
2024-12-07T07-18-48.239151Z_210_vnaData.s1p,-28.862338,122.526268,30.86956,-11.861077262144157
2024-12-07T07-19-11.128648Z_210_vnaData.s1p,-28.862342,122.52626,40.130444,-0.0004888768737600913
2024-12-07T07-19-34.046067Z_210_vnaData.s1p,-28.862344,122.52626,49.49881,1.2022458314363362
2024-12-07T07-19-56.997251Z_210_vnaData.s1p,-28.862343,122.526267,37.548256,1.215025980620915
2024-12-07T07-20-08.420320Z_210_vnaData.s1p,-28.862342,122.526265,46.338108,12.810205825587616
2024-12-07T07-20-19.823222Z_210_vnaData.s1p,-28.862344,122.526264,42.90949,23.660789646535186
2024-12-07T07-20-31.399393Z_210_vnaData.s1p,-28.862344,122.526264,39.911182,21.455805248042484
2024-12-07T07-20-54.895850Z_210_vnaData.s1p,-28.862347,122.526256,38.437088,5.841042337804538
2024-12-07T07-21-06.472824Z_210_vnaData.s1p,-28.862347,122.526247,32.95434,-3.7522873326714077
2024-12-07T07-21-29.377874Z_210_vnaData.s1p,-28.862344,122.526245,48.851166,8.475043773970256
2024-12-07T07-21-40.729532Z_210_vnaData.s1p,-28.862344,122.526245,37.795254,-4.615488650970356
2024-12-07T07-21-52.301032Z_210_vnaData.s1p,-28.862344,122.526245,31.501942,-10.810967595779822
2024-12-07T07-22-15.118982Z_210_vnaData.s1p,-28.862343,122.526245,23.813559,-8.046671437766122
2024-12-07T07-22-38.068500Z_210_vnaData.s1p,-28.862337,122.52624,22.618265,-4.338586919445348
2024-12-07T07-22-49.576198Z_210_vnaData.s1p,-28.862336,122.526239,15.943016,-11.67349693243483
2024-12-07T07-23-00.946812Z_210_vnaData.s1p,-28.862336,122.526239,24.357996,2.754207012120773
2024-12-07T07-23-12.414955Z_210_vnaData.s1p,-28.862336,122.526239,22.302103,-2.6057058459595694
2024-12-07T07-23-35.330941Z_210_vnaData.s1p,-28.862337,122.526239,20.05917,-9.612245068013749
2024-12-07T07-23-58.269254Z_210_vnaData.s1p,-28.862337,122.526239,31.740465,13.609884468607433
2024-12-07T07-24-09.794864Z_210_vnaData.s1p,-28.862337,122.526239,35.323116,-4.957914285008748
2024-12-07T07-24-21.174717Z_210_vnaData.s1p,-28.862337,122.526239,25.508476,-4.528325037437874
2024-12-07T07-24-44.114793Z_210_vnaData.s1p,-28.862327,122.526281,7.289494,-16.117363142194712
2024-12-07T07-24-55.598346Z_210_vnaData.s1p,-28.862302,122.526366,19.473623,30.971104080919385
2024-12-07T07-25-18.479581Z_210_vnaData.s1p,-28.862254,122.526568,30.038105,27.53842335316362
2024-12-07T07-25-29.960628Z_210_vnaData.s1p,-28.86223,122.526675,19.985056,16.860864687675925
2024-12-07T07-25-42.023254Z_210_vnaData.s1p,-28.862228,122.526725,49.001915,17.903786593604103
2024-12-07T07-25-53.551760Z_210_vnaData.s1p,-28.862203,122.526852,34.833263,-19.18701786733299
2024-12-07T07-26-16.381469Z_210_vnaData.s1p,-28.862168,122.526985,41.19856,40.222489491523746
2024-12-07T07-26-27.807299Z_210_vnaData.s1p,-28.862174,122.526961,10.487478,48.505810533896465
2024-12-07T07-26-39.214543Z_210_vnaData.s1p,-28.862165,122.526962,1.5125368,28.501612758926466
2024-12-07T07-27-02.131100Z_210_vnaData.s1p,-28.862156,122.526968,0.44877774,7.2310412029789575
2024-12-07T07-27-13.688431Z_210_vnaData.s1p,-28.862156,122.526968,0.40694192,10.709138763982388
2024-12-07T07-27-36.565658Z_210_vnaData.s1p,-28.862156,122.526969,0.36639735,-5.824003067508407
2024-12-07T07-27-47.988141Z_210_vnaData.s1p,-28.862156,122.526969,0.36651638,14.414798562299033
2024-12-07T07-27-59.555716Z_210_vnaData.s1p,-28.862156,122.526969,2.6409993,17.074636704686966
2024-12-07T07-28-22.528526Z_210_vnaData.s1p,-28.862172,122.526967,0.51787007,0.39797352565227584
2024-12-07T07-28-45.348127Z_210_vnaData.s1p,-28.862172,122.526968,0.34342766,7.89266322351363
2024-12-07T07-29-08.325875Z_210_vnaData.s1p,-28.862172,122.526968,0.5017664,5.583413636996724
2024-12-07T07-29-19.705144Z_210_vnaData.s1p,-28.862166,122.526972,0.33606008,9.719062146872808
2024-12-07T07-29-31.148657Z_210_vnaData.s1p,-28.862163,122.526985,0.5684172,-13.890640467017377
2024-12-07T07-29-42.704606Z_210_vnaData.s1p,-28.862162,122.526998,0.55892867,-9.307900043903103
2024-12-07T07-30-05.539256Z_210_vnaData.s1p,-28.862161,122.526999,0.5368322,-3.7531874842832877
2024-12-07T07-30-29.094078Z_210_vnaData.s1p,-28.86216,122.527,3.3865983,24.57158896416689
2024-12-07T07-30-40.511861Z_210_vnaData.s1p,-28.862155,122.527045,13.410594,6.076626890331447
2024-12-07T07-31-03.338307Z_210_vnaData.s1p,-28.862116,122.527282,25.841043,32.91805154243187
